INSERT INTO TRANSMITE (DOENCA, TRANSMISSOR) VALUES
('PLASMODIUM FACILPARUM', 'MOSQUITO ANOPHELES'),
('MYCOBACTERIUM TUBERCULOSIS', 'PESSOA INFECTADA'),
('INFLUENZA VIRUS A', 'AR'),
('SARS-COV-2', 'AR');

INSERT INTO TRANSMISSOR (NOME, VETOR, TIPO, ESTACAOANOPRED, NOMECIENTIF, TEMPOVIDA, REGIAOVIVENCIA) VALUES
('MOSQUITO ANOPHELES', 'MOSQUITO', 'BIÓTICO', NULL, 'ANOPHELES DARLINGI', 30, 'REGIÕES TROPICAIS E ÚMIDAS'),
('AR', 'GOTÍCULAS DE AR', 'ABIÓTICO', 'INVERNO', NULL, NULL, 'AMBIENTES FECHADOS E FRIOS'),
('CONTATO DIRETO', 'CONTATO FÍSICO', 'ABIÓTICO', 'TODAS', NULL, NULL, 'AMBIENTES URBANOS'),
('PESSOA INFECTADA', 'HUMANO', 'BIÓTICO', NULL, 'HOMO SAPIENS', 70, 'MUNDO TODO');

INSERT INTO DOENCA (NOMECIENTIF, NOMEPOPULAR, LETALIDADE, SAZONALIDADE, CID10) VALUES
('PLASMODIUM FALCIPARUM', 'MALÁRIA', 0.2, 'VERÃO', 'B50'),
('MYCOBACTERIUM TUBERCULOSIS', 'TUBERCULOSE', 0.15, 'INVERNO', 'A15'),
('INFLUENZA VIRUS A', 'GRIPE', 0.01, 'OUTONO', 'J10'),
('SARS-COV-2', 'COVID-19', 0.03, 'INVERNO', 'U07.1');
-- NÃO COLOQUEI TEMPO MÉDIO PQ SERIA CALCULADO COM BASE NOS CASOS

INSERT INTO SINTOMAS (NOMECIENTIF, SINTOMA) VALUES
('PLASMODIUM FALCIPARUM', 'FEBRE ALTA'),
('PLASMODIUM FALCIPARUM', 'CALAFRIOS E SUOR EXCESSIVO'),
('MYCOBACTERIUM TUBERCULOSIS', 'TOSSE PERSISTENTE COM CATARRO'),
('MYCOBACTERIUM TUBERCULOSIS', 'PERDA DE PESO E FADIGA'),
('INFLUENZA VIRUS A', 'FEBRE E DOR DE CABEÇA'),
('INFLUENZA VIRUS A', 'CONGESTÃO NASAL E DOR MUSCULAR'),
('SARS-COV-2', 'FEBRE E PERDA DE OLFATO'),
('SARS-COV-2', 'TOSSE SECA E DIFICULDADE PARA RESPIRAR');

INSERT INTO AGENTE (NOMECIENTIF, AGENTE) VALUES
('PLASMODIUM FALCIPARUM', 'PROTOZOÁRIO'),
('MYCOBACTERIUM TUBERCULOSIS', 'BACTÉRIA'),
('INFLUENZA VIRUS A', 'VÍRUS'),
('SARS-COV-2', 'VÍRUS');

INSERT INTO METODOPREVENCAO (NOMECIENTIF, METODOPREVENCAO) VALUES
('PLASMODIUM FALCIPARUM', 'USO DE MOSQUITEIROS'),
('PLASMODIUM FALCIPARUM', 'REPELENTES'),
('MYCOBACTERIUM TUBERCULOSIS', 'VACINAÇÃO BCG'),
('INFLUENZA VIRUS A', 'VACINAÇÃO ANUAL'),
('INFLUENZA VIRUS A', 'HIGIENE DAS MÃOS'),
('SARS-COV-2', 'USO DE MÁSCARAS'),
('SARS-COV-2', 'ISOLAMENTO EM CASOS SUSPEITOS');

INSERT INTO REQUER (DOENCA, TRATAMENTO) VALUES
('PLASMODIUM FALCIPARUM', 'TRATAMENTO DA MALÁRIA'),
('MYCOBACTERIUM TUBERCULOSIS', 'TRATAMENTO DA TUBERCULOSE'),
('INFLUENZA VIRUS A', 'TRATAMENTO DA GRIPE'),
('SARS-COV-2', 'TRATAMENTO DA COVID-19'),
('SARS-COV-2', 'HEMODIÁLISE');

INSERT INTO TRATAMENTO (NOME, TIPO, REMEDIO, CUSTOMEDIO, DURACAOMEDIA, ISOLAMENTO, MAQUINA) VALUES
('TRATAMENTO DA MALÁRIA', 'MEDICAMENTO', 'ARTEMISININA', 150.00, 14, 'NÃO', 'NENHUMA'),
('TRATAMENTO DA TUBERCULOSE', 'MEDICAMENTO', 'RIFAMPICINA', 300.00, 180, 'NÃO', 'NENHUMA'),
('TRATAMENTO DA GRIPE', 'MEDICAMENTO DE SUPORTE', 'OSELTAMIVIR', 80.00, 7, 'NÃO', 'NENHUMA'),
('TRATAMENTO DA COVID-19', 'SUPORTE INTENSIVO', 'ANTIVIRAIS E CORTICOIDES', 500.00, 14, 'SIM', 'RESPIRADOR'),
('QUIMIOTERAPIA', 'ONCOLÓGICO', 'CISPLATINA', 5000.00, 120, 'NÃO', 'BOMBA DE INFUSÃO'),
('HEMODIÁLISE', 'SUPORTE RENAL', 'NENHUM', 800.00, 1, 'NÃO', 'MÁQUINA DE HEMODIÁLISE');

INSERT INTO SESSAO (IDSESSAO, IDCASO, TRATAMENTO, DATA, HORA, REDE_DE_SAUDE, OBSMEDICAS, RESULTADOESPERADO) VALUES ();
INSERT INTO CASO (IDCASO, PACIENTE, DOENCA, DATAINICIO, DATAFIM, GRAVIDADE, REDE_DE_SAUDE, OBITO, REINCIDENTE) VALUES ();
INSERT INTO METRICAS_SESSOES (SESSAO, METRICA, VALOR) VALUES ();

INSERT INTO PACIENTE (IDPACIENTE, CPF, DATANASCIM, SEXO, GRUPORISCO) VALUES
(1, '12345678901', TO_DATE('12/03/1985', 'DD/MM/YYYY'), 'F', 'SIM'),
(2, '98765432100', TO_DATE('25/07/1992', 'DD/MM/YYYY'), 'M', 'NÃO'),
(3, '45678912345', TO_DATE('03/11/1970', 'DD/MM/YYYY'), 'M', 'SIM'),
(4, '32165498700', TO_DATE('14/05/2001', 'DD/MM/YYYY'), 'F', 'NÃO'),
(5, '74185296300', TO_DATE('09/09/1958', 'DD/MM/YYYY'), 'M', 'SIM'),
(6, '85296374100', TO_DATE('20/12/1989', 'DD/MM/YYYY'), 'F', 'NÃO'),
(7, '36925814700', TO_DATE('17/02/2003', 'DD/MM/YYYY'), 'F', 'NÃO'),
(8, '15975348600', TO_DATE('28/10/1976', 'DD/MM/YYYY'), 'M', 'SIM'),
(9, '25814736900', TO_DATE('05/06/1999', 'DD/MM/YYYY'), 'F', 'NÃO'),
(10, '96385274100', TO_DATE('01/01/1960', 'DD/MM/YYYY'), 'M', 'SIM');

INSERT INTO TIPO (ORGAO, TIPO) VALUES ();
INSERT INTO VACINAS (IDPACIENTE, VACINA) VALUES ();
INSERT INTO ORGAO (CNPJ, NOME, CEP, BAIRRO, LOGRADOURO, NRO, TELEFONE1, TELEFONE2) VALUES ();

INSERT INTO CIDADE (NOME, ESTADO, QTDHAB, AREATERRIT) VALUES
('SÃO CARLOS', 'SP', 254000, 1137.00),
('IPATINGA', 'MG', 270000, 165.00),
('FORTALEZA', 'CE', 2687000, 314.93),
('BRASÍLIA', 'DF', 3055000, 5802.00),
('JACAREÍ', 'SP', 242000, 464.27),
('SÃO PAULO', 'SP', 12300000, 1521.11),
('RIO DE JANEIRO', 'RJ', 6775000, 1200.27),
('BELO HORIZONTE', 'MG', 2533000, 331.40),
('CURITIBA', 'PR', 1964000, 434.89),
('PORTO ALEGRE', 'RS', 1493000, 497.00),
('RECIFE', 'PE', 1653000, 218.84);


INSERT INTO BENEFICENTE (CNPJ, QTDVOLUNT, DATAFUNDACAO, AREAATUACAO) VALUES ();
INSERT INTO REDE_DE_SAUDE (CNPJ, QTDLEITOS, QTDFUNCION) VALUES ();
INSERT INTO REGIAO (REDE_DE_SAUDE, RAIO, DENSIDPOP, NOMECIDADE, ESTADOCIDADE) VALUES ();
INSERT INTO PROGRAMA (BENEFICENTE, PROGRAMA) VALUES ();
INSERT INTO ESPECIALIDADES (REDE_DE_SAUDE, ESPECIALIDADE) VALUES ();
INSERT INTO ALERTA (IDALERTA, BENEFICENTE, DOENCA, DATAINICIO, DATAFIM, TIPO, MENSAGEM, CANALPRINC, PRIORIDADE) VALUES ();
INSERT INTO ABRANGE (IDALERTA, REGIAO) VALUES ();