insert into transmissor (nome, vetor, tipo, estacaoanopredom, nomecientif, tempovida, regiaovivencia) values ( 'MOSQUITO ANOPHELES','MOSQUITO','BIOTICO',null,'ANOPHELES DARLINGI','1 DIA','REGIOES TROPICAIS E UMIDAS' );
insert into transmissor (nome, vetor, tipo, estacaoanopredom, nomecientif, tempovida, regiaovivencia) values ( 'AR','GOTICULAS DE AR','ABIOTICO', null, null, null, null);
insert into transmissor (nome, vetor, tipo, estacaoanopredom, nomecientif, tempovida, regiaovivencia) values ( 'CONTATO DIRETO','CONTATO FISICO','ABIOTICO', 'TODAS',null,null,null);
insert into transmissor (nome, vetor, tipo, estacaoanopredom, nomecientif, tempovida, regiaovivencia) values ( 'PESSOA INFECTADA', 'HUMANO', 'BIOTICO', null, 'HOMO SAPIENS', '70 DIAS', 'MUNDO TODO' );

insert into doenca (nomecientif, nomepopular, letalidade, sazonalidade, cid10, tempomedio) values( 'PLASMODIUM FALCIPARUM','MALARIA',0.2,'VERAO','B50', 10);
insert into doenca (nomecientif, nomepopular, letalidade, sazonalidade, cid10, tempomedio) values ( 'MYCOBACTERIUM TUBERCULOSIS','TUBERCULOSE', 0.15,'INVERNO','A15', 90);
insert into doenca (nomecientif, nomepopular, letalidade, sazonalidade, cid10, tempomedio) values ( 'INFLUENZA VIRUS A','GRIPE', 0.01,'OUTONO','J10', 5 );
insert into doenca (nomecientif, nomepopular, letalidade, sazonalidade, cid10, tempomedio) values ( 'SARS-COV-2','COVID-19', 0.03, 'INVERNO', 'U07.1' , 14);
insert into doenca (nomecientif, nomepopular, letalidade, sazonalidade, cid10, tempomedio) values ( 'DENV','DENGUE', 0.01, 'VERAO', 'A90', 14);
insert into doenca (nomecientif, nomepopular, letalidade, sazonalidade, cid10, tempomedio) values ('CHIKUNGUNYA VIRUS','CHIKUNGUNYA',0.005,'VERAO','A92.0', 14);
insert into doenca (nomecientif, nomepopular, letalidade, sazonalidade, cid10, tempomedio) values ('ZIKA VIRUS','ZIKA',0.001,'VERAO','A92.5', 10);
insert into doenca (nomecientif, nomepopular, letalidade, sazonalidade, cid10, tempomedio) values ('NEISSERIA MENINGITIDIS','MENINGITE',0.10,'INVERNO','A39.0', 14);
insert into doenca (nomecientif, nomepopular, letalidade, sazonalidade, cid10, tempomedio) values ('MUMPS VIRUS','CAXUMBA',0.0001,'OUTONO','B26', 12);
insert into doenca (nomecientif, nomepopular, letalidade, sazonalidade, cid10, tempomedio) values ('VARICELLA ZOSTER VIRUS','CATAPORA',0.0005,'PRIMAVERA','B01', 7);
insert into doenca (nomecientif, nomepopular, letalidade, sazonalidade, cid10, tempomedio) values ('MEASLES VIRUS','SARAMPO',0.02,'OUTONO','B05', 10);
insert into doenca (nomecientif, nomepopular, letalidade, sazonalidade, cid10, tempomedio) values ('YELLOW FEVER VIRUS','FEBRE AMARELA',0.20,'VERAO','A95', 12);
insert into doenca (nomecientif, nomepopular, letalidade, sazonalidade, cid10, tempomedio) values ('LEPTOSPIRA INTERROGANS','LEPTOSPIROSE',0.05,'VERAO','A27', 14);
insert into doenca (nomecientif, nomepopular, letalidade, sazonalidade, cid10, tempomedio) values ('RUBELLA VIRUS','RUBEOLA',0.0002,'PRIMAVERA','B06', 14);
insert into doenca (nomecientif, nomepopular, letalidade, sazonalidade, cid10, tempomedio) values ('HEPATITIS A VIRUS','HEPATITE A',0.002,'VERAO','B15', 30);

insert into sintomas (nomecientif, sintoma) values ( 'PLASMODIUM FALCIPARUM', 'FEBRE ALTA' );
insert into sintomas (nomecientif, sintoma) values ( 'PLASMODIUM FALCIPARUM', 'CALAFRIOS E SUOR EXCESSIVO' );
insert into sintomas (nomecientif, sintoma) values ( 'MYCOBACTERIUM TUBERCULOSIS', 'TOSSE PERSISTENTE COM CATARRO' );
insert into sintomas (nomecientif, sintoma) values ( 'MYCOBACTERIUM TUBERCULOSIS','PERDA DE PESO E FADIGA' );
insert into sintomas (nomecientif, sintoma) values ('INFLUENZA VIRUS A','FEBRE E DOR DE CABECA' );
insert into sintomas (nomecientif, sintoma) values ( 'INFLUENZA VIRUS A' , 'CONGESTAO NASAL E DOR MUSCULAR' );
insert into sintomas (nomecientif, sintoma) values ('SARS-COV-2','FEBRE E PERDA DE OLFATO' );
insert into sintomas (nomecientif, sintoma) values ('SARS-COV-2', 'TOSSE SECA E DIFICULDADE PARA RESPIRAR');
insert into sintomas (nomecientif, sintoma) values ('DENV', 'DOR NOS OLHOS E DORES MUSCULARES INTENSAS');
insert into sintomas (nomecientif, sintoma) values ('DENV', 'MANCHAS VERMELHAS NA PELE (EXANTEMA)');
insert into sintomas (nomecientif, sintoma) values ('ZIKA VIRUS', 'ERUPCOES CUTANEAS E COCEIRA');
insert into sintomas (nomecientif, sintoma) values ('ZIKA VIRUS', 'CONJUNTIVITE E LEVE MAL-ESTAR');
insert into sintomas (nomecientif, sintoma) values ('CHIKUNGUNYA VIRUS', 'DORES ARTICULARES SEVERAS');
insert into sintomas (nomecientif, sintoma) values ('CHIKUNGUNYA VIRUS', 'FEBRE ALTA E INCHACO NAS ARTICULACOES');
insert into sintomas (nomecientif, sintoma) values ('NEISSERIA MENINGITIDIS', 'RIGIDEZ NA NUCA');
insert into sintomas (nomecientif, sintoma) values ('NEISSERIA MENINGITIDIS', 'FOTOFobia E CONFUSAO MENTAL');
insert into sintomas (nomecientif, sintoma) values ('LEPTOSPIRA INTERROGANS', 'DORES FORTES NAS PERNAS');
insert into sintomas (nomecientif, sintoma) values ('LEPTOSPIRA INTERROGANS', 'OLHOS AMARELADOS E NAUSEAS');

insert into agente (nomecientif,agente) values ( 'PLASMODIUM FALCIPARUM', 'PROTOZOARIO' );
insert into agente (nomecientif,agente) values ( 'MYCOBACTERIUM TUBERCULOSIS', 'BACTERIA' );
insert into agente (nomecientif,agente) values ( 'INFLUENZA VIRUS A', 'VIRUS' );
insert into agente (nomecientif,agente) values ( 'SARS-COV-2', 'VIRUS' );
insert into agente (nomecientif, agente) values ('DENV', 'VIRUS');
insert into agente (nomecientif, agente) values ('CHIKUNGUNYA VIRUS', 'VIRUS');
insert into agente (nomecientif, agente) values ('ZIKA VIRUS', 'VIRUS');
insert into agente (nomecientif, agente) values ('NEISSERIA MENINGITIDIS', 'BACTERIA');
insert into agente (nomecientif, agente) values ('MUMPS VIRUS', 'VIRUS');
insert into agente (nomecientif, agente) values ('VARICELLA ZOSTER VIRUS', 'VIRUS');
insert into agente (nomecientif, agente) values ('MEASLES VIRUS', 'VIRUS');
insert into agente (nomecientif, agente) values ('YELLOW FEVER VIRUS', 'VIRUS');
insert into agente (nomecientif, agente) values ('LEPTOSPIRA INTERROGANS', 'BACTERIA');
insert into agente (nomecientif, agente) values ('RUBELLA VIRUS', 'VIRUS');
insert into agente (nomecientif, agente) values ('HEPATITIS A VIRUS', 'VIRUS');

insert into metodoprevencao (nomecientif, metodoprevencao) values ( 'PLASMODIUM FALCIPARUM', 'USO DE MOSQUITEIROS' );
insert into metodoprevencao (nomecientif, metodoprevencao) values ( 'PLASMODIUM FALCIPARUM', 'REPELENTES' );
insert into metodoprevencao (nomecientif, metodoprevencao) values ( 'MYCOBACTERIUM TUBERCULOSIS','VACINACAO BCG' );
insert into metodoprevencao (nomecientif, metodoprevencao) values ( 'INFLUENZA VIRUS A','VACINACAO ANUAL' );
insert into metodoprevencao (nomecientif, metodoprevencao) values ( 'INFLUENZA VIRUS A','HIGIENE DAS MAOS' );
insert into metodoprevencao (nomecientif, metodoprevencao) values ( 'SARS-COV-2','USO DE MASCARAS');
insert into metodoprevencao (nomecientif, metodoprevencao) values ( 'SARS-COV-2','ISOLAMENTO EM CASOS SUSPEITOS') ;
insert into metodoprevencao (nomecientif, metodoprevencao) values ('DENV', 'COMBATE AO MOSQUITO AEDES AEGYPTI');
insert into metodoprevencao (nomecientif, metodoprevencao) values ('DENV', 'ELIMINACAO DE AGUA PARADA');
insert into metodoprevencao (nomecientif, metodoprevencao) values ('ZIKA VIRUS', 'USO DE REPELENTE');
insert into metodoprevencao (nomecientif, metodoprevencao) values ('ZIKA VIRUS', 'REDUCAO DA EXPOSICAO A MOSQUITOS');
insert into metodoprevencao (nomecientif, metodoprevencao) values ('CHIKUNGUNYA VIRUS', 'TELAS EM JANELAS E PORTAS');
insert into metodoprevencao (nomecientif, metodoprevencao) values ('CHIKUNGUNYA VIRUS', 'INSPECAO E LIMPEZA DE CALHAS E RECIPIENTES');
insert into metodoprevencao (nomecientif, metodoprevencao) values ('NEISSERIA MENINGITIDIS', 'VACINA MENINGOCOCICA');
insert into metodoprevencao (nomecientif, metodoprevencao) values ('NEISSERIA MENINGITIDIS', 'EVITAR CONTATO COM SECRECOES RESPIRATORIAS');
insert into metodoprevencao (nomecientif, metodoprevencao) values ('MUMPS VIRUS', 'VACINA TRIPICE VIRAL (MMR)');
insert into metodoprevencao (nomecientif, metodoprevencao) values ('VARICELLA ZOSTER VIRUS', 'VACINA CONTRA CATAPORA');
insert into metodoprevencao (nomecientif, metodoprevencao) values ('MEASLES VIRUS', 'VACINA TRIPICE VIRAL (MMR)');
insert into metodoprevencao (nomecientif, metodoprevencao) values ('YELLOW FEVER VIRUS', 'VACINA CONTRA FEBRE AMARELA');
insert into metodoprevencao (nomecientif, metodoprevencao) values ('LEPTOSPIRA INTERROGANS', 'EVITAR AGUAS CONTAMINADAS');
insert into metodoprevencao (nomecientif, metodoprevencao) values ('LEPTOSPIRA INTERROGANS', 'CONTROLE DE ROEDORES');
insert into metodoprevencao (nomecientif, metodoprevencao) values ('RUBELLA VIRUS', 'VACINA TRIPICE VIRAL (MMR)');
insert into metodoprevencao (nomecientif, metodoprevencao) values ('HEPATITIS A VIRUS', 'HIGIENIZACAO ADEQUADA DOS ALIMENTOS');
insert into metodoprevencao (nomecientif, metodoprevencao) values ('HEPATITIS A VIRUS', 'SANEAMENTO BASICO');

insert into tratamento (nome, tipo, remedio, customedio, duracaomedia, isolamento, maquina) values ('TRATAMENTO DA MALARIA', 'MEDICAMENTO', 'ARTEMISININA', 150.00, 14, 'N', 'NENHUMA' );
insert into tratamento (nome, tipo, remedio, customedio, duracaomedia, isolamento, maquina) values ('TRATAMENTO DA TUBERCULOSE', 'MEDICAMENTO', 'RIFAMPICINA', 300.00, 180, 'N', 'NENHUMA' );
insert into tratamento (nome, tipo, remedio, customedio, duracaomedia, isolamento, maquina) values ('TRATAMENTO DA GRIPE', 'MEDICAMENTO DE SUPORTE', 'OSELTAMIVIR', 80.00, 7, 'N', 'NENHUMA' );
insert into tratamento (nome, tipo, remedio, customedio, duracaomedia, isolamento, maquina) values ('TRATAMENTO DA COVID-19', 'SUPORTE INTENSIVO', 'ANTIVIRAIS E CORTICOIDES', 500.00, 14, 'S', 'RESPIRADOR' );
insert into tratamento (nome, tipo, remedio, customedio, duracaomedia, isolamento, maquina) values ('QUIMIOTERAPIA', 'ONCOLOGICO', 'CISPLATINA', 5000.00, 120, 'N', 'BOMBA DE INFUSAO' );
insert into tratamento (nome, tipo, remedio, customedio, duracaomedia, isolamento, maquina) values ('HEMODIALISE', 'SUPORTE RENAL', 'NENHUM', 800.00, 1, 'N', 'MAQUINA DE HEMODIALISE' );
insert into tratamento (nome, tipo, remedio, customedio, duracaomedia, isolamento, maquina) values ('TRATAMENTO DA MENINGITE', 'ANTIBIOTICO', 'CEFTRIAXONA', 450.00, 10, 'S', 'NENHUMA');
insert into tratamento (nome, tipo, remedio, customedio, duracaomedia, isolamento, maquina) values ('TRATAMENTO DA FEBRE AMARELA', 'SUPORTE INTENSIVO', 'NENHUM', 700.00, 14, 'S', 'RESPIRADOR');
insert into tratamento (nome, tipo, remedio, customedio, duracaomedia, isolamento, maquina) values ('TRATAMENTO DA CATAPORA', 'MEDICAMENTO ANTIVIRAL', 'ACICLOVIR', 120.00, 7, 'N', 'NENHUMA');
insert into tratamento (nome, tipo, remedio, customedio, duracaomedia, isolamento, maquina) values ('TRATAMENTO DA RUBEOLA', 'SUPORTE CLINICO', 'ANALGESICOS', 50.00, 7, 'N', 'NENHUMA');
insert into tratamento (nome, tipo, remedio, customedio, duracaomedia, isolamento, maquina) values ('TRATAMENTO DA LEPTOSPIROSE', 'ANTIBIOTICO', 'DOXICICLINA', 200.00, 10, 'N', 'NENHUMA');
insert into tratamento (nome, tipo, remedio, customedio, duracaomedia, isolamento, maquina) values ('TRATAMENTO DA ZIKA', 'SUPORTE CLINICO', 'ANALGESICOS', 40.00, 10, 'N', 'NENHUMA');
insert into tratamento (nome, tipo, remedio, customedio, duracaomedia, isolamento, maquina) values ('TRATAMENTO DA CHIKUNGUNYA', 'SUPORTE CLINICO', 'ANTI-INFLAMATORIOS', 60.00, 10, 'N', 'NENHUMA');
insert into tratamento (nome, tipo, remedio, customedio, duracaomedia, isolamento, maquina) values ('TERAPIA RESPIRATÓRIA', 'FISIOTERAPIA', 'NENHUM', 200.00, 5, 'N', 'APARELHO DE PRESSAO POSITIVA');
insert into tratamento (nome, tipo, remedio, customedio, duracaomedia, isolamento, maquina) values ('CUIDADOS DE UTI PARA INFECCOES GRAVES', 'SUPORTE INTENSIVO', 'CORTICOIDES E VASOATIVOS', 1500.00, 14, 'S', 'VENTILADOR MECANICO');
insert into tratamento (nome, tipo, remedio, customedio, duracaomedia, isolamento, maquina) values ('ANTIVIRAL PARA SARAMPO', 'ANTIVIRAL', 'VITAMINA A', 30.00, 5, 'S', 'NENHUMA');

insert into requer (doenca, tratamento) values ('PLASMODIUM FALCIPARUM','TRATAMENTO DA MALARIA' );
insert into requer (doenca, tratamento) values ('MYCOBACTERIUM TUBERCULOSIS', 'TRATAMENTO DA GRIPE' );
insert into requer (doenca, tratamento) values ('SARS-COV-2', 'TRATAMENTO DA COVID-19' );
insert into requer (doenca, tratamento) values ('SARS-COV-2','HEMODIALISE' );
INSERT INTO requer (doenca, tratamento) VALUES ('INFLUENZA VIRUS A', 'TRATAMENTO DA GRIPE');
INSERT INTO requer (doenca, tratamento) VALUES ('DENV', 'TRATAMENTO DA CHIKUNGUNYA');
INSERT INTO requer (doenca, tratamento) VALUES ('ZIKA VIRUS', 'TRATAMENTO DA ZIKA');
INSERT INTO requer (doenca, tratamento) VALUES ('CHIKUNGUNYA VIRUS', 'TRATAMENTO DA CHIKUNGUNYA');
INSERT INTO requer (doenca, tratamento) VALUES ('NEISSERIA MENINGITIDIS', 'TRATAMENTO DA MENINGITE');
INSERT INTO requer (doenca, tratamento) VALUES ('VARICELLA ZOSTER VIRUS', 'TRATAMENTO DA CATAPORA');
INSERT INTO requer (doenca, tratamento) VALUES ('RUBELLA VIRUS', 'TRATAMENTO DA RUBEOLA');
INSERT INTO requer (doenca, tratamento) VALUES ('YELLOW FEVER VIRUS', 'TRATAMENTO DA FEBRE AMARELA');
INSERT INTO requer (doenca, tratamento) VALUES ('LEPTOSPIRA INTERROGANS', 'TRATAMENTO DA LEPTOSPIROSE');
INSERT INTO requer (doenca, tratamento) VALUES ('MEASLES VIRUS', 'ANTIVIRAL PARA SARAMPO');

INSERT INTO paciente (idpaciente, cpf, datanascim, sexo, gruporisco) VALUES (1, '12345678901', to_date('12/03/1985','DD/MM/YYYY'), 'F', 'S');
INSERT INTO paciente (idpaciente, cpf, datanascim, sexo, gruporisco) VALUES (2, '98765432100', to_date('25/07/1992','DD/MM/YYYY'), 'M', 'N');
INSERT INTO paciente (idpaciente, cpf, datanascim, sexo, gruporisco) VALUES (3, '45678912345', to_date('03/11/1970','DD/MM/YYYY'), 'M', 'S');
INSERT INTO paciente (idpaciente, cpf, datanascim, sexo, gruporisco) VALUES (4, '32165498700', to_date('14/05/2001','DD/MM/YYYY'), 'F', 'N');
INSERT INTO paciente (idpaciente, cpf, datanascim, sexo, gruporisco) VALUES (5, '74185296300', to_date('09/09/1958','DD/MM/YYYY'), 'M', 'S');
INSERT INTO paciente (idpaciente, cpf, datanascim, sexo, gruporisco) VALUES (6, '85296374100', to_date('20/12/1989','DD/MM/YYYY'), 'F', 'N');
INSERT INTO paciente (idpaciente, cpf, datanascim, sexo, gruporisco) VALUES (7, '36925814700', to_date('17/02/2003','DD/MM/YYYY'), 'F', 'N');
INSERT INTO paciente (idpaciente, cpf, datanascim, sexo, gruporisco) VALUES (8, '15975348600', to_date('28/10/1976','DD/MM/YYYY'), 'M', 'S');
INSERT INTO paciente (idpaciente, cpf, datanascim, sexo, gruporisco) VALUES (9, '25814736900', to_date('05/06/1999','DD/MM/YYYY'), 'F', 'N');
INSERT INTO paciente (idpaciente, cpf, datanascim, sexo, gruporisco) VALUES (10, '96385274100', to_date('01/01/1960','DD/MM/YYYY'), 'M', 'S');
INSERT INTO paciente (idpaciente, cpf, datanascim, sexo, gruporisco) VALUES (11, '11122233344', to_date('22/04/1982','DD/MM/YYYY'), 'F', 'N');
INSERT INTO paciente (idpaciente, cpf, datanascim, sexo, gruporisco) VALUES (12, '22233344455', to_date('10/09/1975','DD/MM/YYYY'), 'M', 'S');
INSERT INTO paciente (idpaciente, cpf, datanascim, sexo, gruporisco) VALUES (13, '33344455566', to_date('30/01/1990','DD/MM/YYYY'), 'F', 'N');
INSERT INTO paciente (idpaciente, cpf, datanascim, sexo, gruporisco) VALUES (14, '44455566677', to_date('18/08/1968','DD/MM/YYYY'), 'M', 'S');
INSERT INTO paciente (idpaciente, cpf, datanascim, sexo, gruporisco) VALUES (15, '55566677788', to_date('07/03/2005','DD/MM/YYYY'), 'F', 'N');
INSERT INTO paciente (idpaciente, cpf, datanascim, sexo, gruporisco) VALUES (16, '66677788899', to_date('29/12/1983','DD/MM/YYYY'), 'M', 'N');
INSERT INTO paciente (idpaciente, cpf, datanascim, sexo, gruporisco) VALUES (17, '77788899900', to_date('11/11/1997','DD/MM/YYYY'), 'F', 'N');
INSERT INTO paciente (idpaciente, cpf, datanascim, sexo, gruporisco) VALUES (18, '88899900011', to_date('06/02/1955','DD/MM/YYYY'), 'M', 'S');
INSERT INTO paciente (idpaciente, cpf, datanascim, sexo, gruporisco) VALUES (19, '99900011122', to_date('14/07/1988','DD/MM/YYYY'), 'M', 'N');
INSERT INTO paciente (idpaciente, cpf, datanascim, sexo, gruporisco) VALUES (20, '10111213141', to_date('19/09/1972','DD/MM/YYYY'), 'F', 'S');

INSERT INTO paciente (idpaciente, cpf, datanascim, sexo, gruporisco) VALUES (21, '10112375141', to_date('23/10/1972','DD/MM/YYYY'), 'M', 'S');
INSERT INTO paciente (idpaciente, cpf, datanascim, sexo, gruporisco) VALUES (22, '23411213141', to_date('07/02/2002','DD/MM/YYYY'), 'F', 'N');
INSERT INTO paciente (idpaciente, cpf, datanascim, sexo, gruporisco) VALUES (23, '10111259341', to_date('19/11/2013','DD/MM/YYYY'), 'M', 'N');
INSERT INTO paciente (idpaciente, cpf, datanascim, sexo, gruporisco) VALUES (24, '12582304826', to_date('10/06/1960','DD/MM/YYYY'), 'F', 'S');
INSERT INTO paciente (idpaciente, cpf, datanascim, sexo, gruporisco) VALUES (25, '10111235941', to_date('19/08/2019','DD/MM/YYYY'), 'M', 'N');
INSERT INTO paciente (idpaciente, cpf, datanascim, sexo, gruporisco) VALUES (26, '12293804826', to_date('10/08/1994','DD/MM/YYYY'), 'F', 'S');
INSERT INTO paciente (idpaciente, cpf, datanascim, sexo, gruporisco) VALUES (27, '29811235941', to_date('24/03/2007','DD/MM/YYYY'), 'M', 'N');
INSERT INTO paciente (idpaciente, cpf, datanascim, sexo, gruporisco) VALUES (28, '23493804826', to_date('15/04/1999','DD/MM/YYYY'), 'F', 'S');
INSERT INTO paciente (idpaciente, cpf, datanascim, sexo, gruporisco) VALUES (29, '23493634564', to_date('15/07/2002','DD/MM/YYYY'), 'M', 'N');

insert into vacinas (idpaciente, vacina) values (1, 'BCG');
insert into vacinas (idpaciente, vacina) values (2, 'INFLUENZA' );
insert into vacinas (idpaciente, vacina) values (3, 'COVID-19' );
insert into vacinas (idpaciente, vacina) values (5, 'FEBRE AMARELA' );
insert into vacinas (idpaciente, vacina) values (8, 'COVID-19' );
insert into vacinas (idpaciente, vacina) values (4, 'INFLUENZA');
insert into vacinas (idpaciente, vacina) values (6, 'HEPATITE A');
insert into vacinas (idpaciente, vacina) values (7, 'TRÍPLICE VIRAL');
insert into vacinas (idpaciente, vacina) values (9, 'HPV');
insert into vacinas (idpaciente, vacina) values (10, 'PNEUMOCOCICA');
insert into vacinas (idpaciente, vacina) values (11, 'COVID-19');
insert into vacinas (idpaciente, vacina) values (12, 'TETANO');
insert into vacinas (idpaciente, vacina) values (13, 'INFLUENZA');
insert into vacinas (idpaciente, vacina) values (14, 'MENINGITE ACWY');
insert into vacinas (idpaciente, vacina) values (15, 'VARICELA');

INSERT INTO orgao (cnpj, nome, cep, bairro, logradouro, numero, telefone1, telefone2) VALUES ('12345678000190', 'HOSPITAL SAO LUCAS', '13560970', 'CENTRO', 'RUA MAJOR JOSE INACIO', '450', '1633621234', '1633625678');
INSERT INTO orgao (cnpj, nome, cep, bairro, logradouro, numero, telefone1, telefone2) VALUES ('23456789000180', 'CLINICA VIDA SAUDAVEL', '30140120', 'SAVASSI', 'AV. CRISTOVAO COLOMBO', '900', '3132547788', '3132548899');
INSERT INTO orgao (cnpj, nome, cep, bairro, logradouro, numero, telefone1, telefone2) VALUES ('34567890000170', 'INSTITUTO ESPERANCA', '20040001', 'CENTRO', 'RUA DA CARIOCA', '120', '2122234455', '21988881122');
INSERT INTO orgao (cnpj, nome, cep, bairro, logradouro, numero, telefone1, telefone2) VALUES ('45678901000160', 'ONG SAUDE PARA TODOS', '04012090', 'PARAISO', 'RUA VERGUEIRO', '1500', '1133334444', '11999995555');
INSERT INTO orgao (cnpj, nome, cep, bairro, logradouro, numero, telefone1, telefone2) VALUES ('23423789120180', 'HOSPITAL THAIS LAURA', '13560980', 'CENTRO', 'RUA MAJOR LEONARDO INACIO', '450', '3133621234', '3133645678');
INSERT INTO orgao (cnpj, nome, cep, bairro, logradouro, numero, telefone1, telefone2) VALUES ('56789012000150', 'HOSPITAL SANTA CLARA', '30150012', 'CENTRO', 'AV. AMAZONAS', '1200', '3133552244', '31999887766');
INSERT INTO orgao (cnpj, nome, cep, bairro, logradouro, numero, telefone1, telefone2) VALUES ('67890123000140', 'CLINICA VIDA PLENA', '40255080', 'BROTAS', 'RUA WALDEMAR FAGUNDES', '300', '7133445566', '71988887777');
INSERT INTO orgao (cnpj, nome, cep, bairro, logradouro, numero, telefone1, telefone2) VALUES ('78901234000130', 'POSTO SAUDE CENTRAL', '88015200', 'CENTRO', 'RUA ALMIRANTE LAMEGO', '900', '4833332211', '48999911223');
INSERT INTO orgao (cnpj, nome, cep, bairro, logradouro, numero, telefone1, telefone2) VALUES ('89012345000120', 'HOSPITAL REGIONAL NORTE', '60015200', 'ALDEOTA', 'AV. DOM LUIS', '1500', '8533567788', '85977776666');
INSERT INTO orgao (cnpj, nome, cep, bairro, logradouro, numero, telefone1, telefone2) VALUES ('90123456000110', 'CLINICA SANTO ANTONIO', '69005100', 'CENTRO', 'AV. EDUARDO RIBEIRO', '700', '9232334455', '92999988877');
INSERT INTO orgao (cnpj, nome, cep, bairro, logradouro, numero, telefone1, telefone2) VALUES ('67967967967967', 'HOSPITAL CATHERINE', '17329349', 'VARJOTA', 'RUA EPISCOPAL ', '2600', '3136721234', '3133646878');

insert into tipo_orgao (orgao, tipo) values ( '23423789120180', 'REDE DE SAUDE' );
insert into tipo_orgao (orgao, tipo) values ( '12345678000190', 'REDE DE SAUDE' );
insert into tipo_orgao (orgao, tipo) values ('12345678000190', 'BENEFICENTE' );
insert into tipo_orgao (orgao, tipo) values ('23456789000180', 'REDE DE SAUDE' );
insert into tipo_orgao (orgao, tipo) values ('34567890000170', 'BENEFICENTE' );
insert into tipo_orgao (orgao, tipo) values ('45678901000160', 'BENEFICENTE' );
insert into tipo_orgao (orgao, tipo) values ('56789012000150', 'REDE DE SAUDE');
insert into tipo_orgao (orgao, tipo) values ('56789012000150', 'BENEFICENTE');
insert into tipo_orgao (orgao, tipo) values ('67890123000140', 'REDE DE SAUDE');
insert into tipo_orgao (orgao, tipo) values ('78901234000130', 'BENEFICENTE');
insert into tipo_orgao (orgao, tipo) values ('89012345000120', 'REDE DE SAUDE');
insert into tipo_orgao (orgao, tipo) values ('90123456000110', 'BENEFICENTE');

INSERT INTO cidade (nome, estado, qtdhab, areaterrit) VALUES ('SAO CARLOS', 'SP', 254000, 1137.00);
INSERT INTO cidade (nome, estado, qtdhab, areaterrit) VALUES ('IPATINGA', 'MG', 270000, 165.00);
INSERT INTO cidade (nome, estado, qtdhab, areaterrit) VALUES ('FORTALEZA', 'CE', 2687000, 314.93);
INSERT INTO cidade (nome, estado, qtdhab, areaterrit) VALUES ('BRASILIA', 'DF', 3055000, 5802.00);
INSERT INTO cidade (nome, estado, qtdhab, areaterrit) VALUES ('JACAREI', 'SP', 242000, 464.27);
INSERT INTO cidade (nome, estado, qtdhab, areaterrit) VALUES ('SAO PAULO', 'SP', 12300000, 1521.11);
INSERT INTO cidade (nome, estado, qtdhab, areaterrit) VALUES ('RIO DE JANEIRO', 'RJ', 6775000, 1200.27);
INSERT INTO cidade (nome, estado, qtdhab, areaterrit) VALUES ('BELO HORIZONTE', 'MG', 2533000, 331.40);
INSERT INTO cidade (nome, estado, qtdhab, areaterrit) VALUES ('CURITIBA', 'PR', 1964000, 434.89);
INSERT INTO cidade (nome, estado, qtdhab, areaterrit) VALUES ('PORTO ALEGRE', 'RS', 1493000, 497.00);
INSERT INTO cidade (nome, estado, qtdhab, areaterrit) VALUES ('RECIFE', 'PE', 1653000, 218.84);
INSERT INTO cidade (nome, estado, qtdhab, areaterrit) VALUES ('CAMPINAS', 'SP', 1214000, 795.00);
INSERT INTO cidade (nome, estado, qtdhab, areaterrit) VALUES ('NITERÓI', 'RJ', 516000, 133.90);
INSERT INTO cidade (nome, estado, qtdhab, areaterrit) VALUES ('MANAUS', 'AM', 2322000, 11401.00);
INSERT INTO cidade (nome, estado, qtdhab, areaterrit) VALUES ('GOIÂNIA', 'GO', 1556000, 739.49);
INSERT INTO cidade (nome, estado, qtdhab, areaterrit) VALUES ('SALVADOR', 'BA', 2887000, 692.82);
INSERT INTO cidade (nome, estado, qtdhab, areaterrit) VALUES ('FLORIANÓPOLIS', 'SC', 577000, 675.41);
INSERT INTO cidade (nome, estado, qtdhab, areaterrit) VALUES ('JOÃO PESSOA', 'PB', 833000, 210.07);
INSERT INTO cidade (nome, estado, qtdhab, areaterrit) VALUES ('TERESINA', 'PI', 868000, 1367.00);
INSERT INTO cidade (nome, estado, qtdhab, areaterrit) VALUES ('ARACAJU', 'SE', 672000, 181.80);
INSERT INTO cidade (nome, estado, qtdhab, areaterrit) VALUES ('CUIABÁ', 'MT', 630000, 3538.00);

insert into beneficente (cnpj, qtdvolunt, datafundacao, areaatuacao) values ('12345678000190', 100, to_date('07/10/2004','DD/MM/YYYY'), 'CAMPANHAS SOBRE CANCER DE MAMA' );
insert into beneficente (cnpj, qtdvolunt, datafundacao, areaatuacao) values ('34567890000170', 45, to_date('12/03/2005','DD/MM/YYYY'), 'APOIO A FAMILIAS CARENTES E CAMPANHAS DE VACINACAO' );
insert into beneficente (cnpj, qtdvolunt, datafundacao, areaatuacao) values ('45678901000160', 80, to_date('25/08/2010' ,'DD/MM/YYYY'), 'ACOES DE SAUDE COMUNITARIA E DOACAO DE SANGUE' );

insert into rede_de_saude ( cnpj, qtdleitos, qtdfuncion) values ('12345678000190', 250, 500);
insert into rede_de_saude ( cnpj, qtdleitos, qtdfuncion) values ('23456789000180', 120, 200);
insert into rede_de_saude ( cnpj, qtdleitos, qtdfuncion) values ('23423789120180', 100, 300);
INSERT INTO rede_de_saude (cnpj, qtdleitos, qtdfuncion) VALUES ('56789012000150', 180, 400);
INSERT INTO rede_de_saude (cnpj, qtdleitos, qtdfuncion) VALUES ('67890123000140', 90, 150);
INSERT INTO rede_de_saude (cnpj, qtdleitos, qtdfuncion) VALUES ('89012345000120', 220, 520);
insert into rede_de_saude ( cnpj, qtdleitos, qtdfuncion) values ('67967967967967', 167, 267);

insert into regiao (rede_de_saude, raio, densidpop, nomecidade, estadocidade) values ('67967967967967', 20.0, 1523.0, 'SAO PAULO', 'SP');
insert into regiao (rede_de_saude, raio, densidpop, nomecidade, estadocidade) values ('23423789120180', 17.0, 223.5, 'IPATINGA', 'MG' );
insert into regiao (rede_de_saude, raio, densidpop, nomecidade, estadocidade) values ('12345678000190', 15.0, 223.5, 'SAO CARLOS', 'SP' );
insert into regiao (rede_de_saude, raio, densidpop, nomecidade, estadocidade) values ('23456789000180', 30.0, 526.7, 'BRASILIA', 'DF' );
insert into regiao (rede_de_saude, raio, densidpop, nomecidade, estadocidade) values ('11122233000110', 20.0, 1523.0, 'SAO PAULO', 'SP');
insert into regiao (rede_de_saude, raio, densidpop, nomecidade, estadocidade) values ('22233344000120', 25.0, 5620.0, 'RIO DE JANEIRO', 'RJ');
insert into regiao (rede_de_saude, raio, densidpop, nomecidade, estadocidade) values ('33344455000130', 18.0, 7630.0, 'FORTALEZA', 'CE');
insert into regiao (rede_de_saude, raio, densidpop, nomecidade, estadocidade) values ('44455566000140', 22.0, 7630.0, 'RECIFE', 'PE');
insert into regiao (rede_de_saude, raio, densidpop, nomecidade, estadocidade) values ('55566677000150', 12.0, 3240.0, 'CURITIBA', 'PR');
insert into regiao (rede_de_saude, raio, densidpop, nomecidade, estadocidade) values ('66677788000160', 28.0, 3820.0, 'BELO HORIZONTE', 'MG');
insert into regiao (rede_de_saude, raio, densidpop, nomecidade, estadocidade) values ('77788899000170', 16.0, 2980.0, 'PORTO ALEGRE', 'RS');
insert into regiao (rede_de_saude, raio, densidpop, nomecidade, estadocidade) values ('88899900000180', 19.0, 1750.0, 'CAMPINAS', 'SP');
insert into regiao (rede_de_saude, raio, densidpop, nomecidade, estadocidade) values ('99900011000190', 21.0, 1530.0, 'NITEROI', 'RJ');
insert into regiao (rede_de_saude, raio, densidpop, nomecidade, estadocidade) values ('10111213000100', 35.0, 204.0, 'CUIABA', 'MT');

INSERT INTO programas (beneficente, programa) VALUES ('12345678000190', 'OUTUBRO ROSA – CONSCIENTIZACAO SOBRE CANCER DE MAMA' );
INSERT INTO programas (beneficente, programa) VALUES ('12345678000190', 'MUTIRAO DE EXAMES PREVENTIVOS' );
INSERT INTO programas (beneficente, programa) VALUES ('34567890000170', 'CAMPANHA DE VACINACAO INFANTIL' );
INSERT INTO programas (beneficente, programa) VALUES ('34567890000170', 'DISTRIBUICAO DE CESTAS BASICAS');
INSERT INTO programas (beneficente, programa) VALUES ('45678901000160', 'CAMPANHA DE DOACAO DE SANGUE');
INSERT INTO programas (beneficente, programa) VALUES ('45678901000160', 'FEIRA DE SAUDE E PREVENCAO DE DOENCAS');
INSERT INTO programas (beneficente, programa) VALUES ('45678901000160', 'ATENDIMENTO MEDICO GRATUITO EM COMUNIDADES CARENTES');

insert into especialidades ( rede_de_saude, especialidade) values ( '12345678000190', 'CLINICA GERAL' );
insert into especialidades ( rede_de_saude, especialidade) values ( '12345678000190', 'PEDIATRIA' );
insert into especialidades ( rede_de_saude, especialidade) values ( '12345678000190', 'INFECTOLOGIA' );
insert into especialidades ( rede_de_saude, especialidade) values ( '12345678000190', 'CARDIOLOGIA' );
insert into especialidades ( rede_de_saude, especialidade) values ( '23456789000180', 'ORTOPEDIA' );
insert into especialidades ( rede_de_saude, especialidade) values ( '23456789000180', 'GINECOLOGIA' );
insert into especialidades ( rede_de_saude, especialidade) values ( '23456789000180', 'DERMATOLOGIA' );

insert into caso (idcaso, paciente, doenca, datainicio, datafim, gravidade, rede_de_saude, obito, reincidente) values (1, 1, 'INFLUENZA VIRUS A', to_date('10/03/24','DD/MM/YY'), to_date('20/03/24','DD/MM/YY'), 'MODERADO', '12345678000190', 'N', 'N' );
insert into caso (idcaso, paciente, doenca, datainicio, datafim, gravidade, rede_de_saude, obito, reincidente) values (2, 2, 'DENV', to_date('05/01/25','DD/MM/YY'), null, 'GRAVE', '12345678000190', 'N', 'N' );
insert into caso (idcaso, paciente, doenca, datainicio, datafim, gravidade, rede_de_saude, obito, reincidente) values (3, 3, 'SARS-COV-2', to_date('12/02/23','DD/MM/YY'), to_date('26/02/23','DD/MM/YY'), 'LEVE', '23456789000180', 'N', 'N' );
insert into caso (idcaso, paciente, doenca, datainicio, datafim, gravidade, rede_de_saude, obito, reincidente) values (4, 3, 'SARS-COV-2', to_date('15/06/24','DD/MM/YY'), to_date('28/06/24','DD/MM/YY'), 'MODERADO', '23456789000180', 'N', 'S' );
insert into caso (idcaso, paciente, doenca, datainicio, datafim, gravidade, rede_de_saude, obito, reincidente) values (5, 4, 'MYCOBACTERIUM TUBERCULOSIS', to_date('10/10/23','DD/MM/YY'), null, 'GRAVE', '12345678000190', 'N', 'N' );
insert into caso (idcaso, paciente, doenca, datainicio, datafim, gravidade, rede_de_saude, obito, reincidente) values (6, 5, 'INFLUENZA VIRUS A', to_date('01/08/24','DD/MM/YY'), to_date('08/08/24','DD/MM/YY'), 'LEVE', '23456789000180', 'N', 'N' );
insert into caso (idcaso, paciente, doenca, datainicio, datafim, gravidade, rede_de_saude, obito, reincidente) values (7, 6, 'SARS-COV-2', to_date('03/04/25','DD/MM/YY'), null, 'GRAVE', '12345678000190', 'S', 'N' );
insert into caso (idcaso, paciente, doenca, datainicio, datafim, gravidade, rede_de_saude, obito, reincidente) values (8, 7, 'DENV', to_date('10/02/25','DD/MM/YY'), to_date('25/02/25','DD/MM/YY'), 'MODERADO', '12345678000190', 'N', 'N' );
insert into caso (idcaso, paciente, doenca, datainicio, datafim, gravidade, rede_de_saude, obito, reincidente) values (9, 7, 'DENV', to_date('30/06/25','DD/MM/YY'), null, 'LEVE', '12345678000190', 'N', 'S' );
insert into caso (idcaso, paciente, doenca, datainicio, datafim, gravidade, rede_de_saude, obito, reincidente) values (10, 8, 'MYCOBACTERIUM TUBERCULOSIS', to_date('15/05/24','DD/MM/YY'), to_date('15/09/24','DD/MM/YY'), 'GRAVE', '12345678000190', 'N', 'N' );
insert into caso (idcaso, paciente, doenca, datainicio, datafim, gravidade, rede_de_saude, obito, reincidente) values (11, 8, 'MYCOBACTERIUM TUBERCULOSIS', to_date('30/10/24','DD/MM/YY'), to_date('25/12/24','DD/MM/YY'), 'GRAVE', '12345678000190', 'N', 'S' );
insert into caso (idcaso, paciente, doenca, datainicio, datafim, gravidade, rede_de_saude, obito, reincidente) values (12, 8, 'MYCOBACTERIUM TUBERCULOSIS', to_date('01/03/25','DD/MM/YY'), to_date('15/06/25','DD/MM/YY'), 'GRAVE', '12345678000190', 'N', 'S' );
insert into caso (idcaso, paciente, doenca, datainicio, datafim, gravidade, rede_de_saude, obito, reincidente) values (13, 8, 'MYCOBACTERIUM TUBERCULOSIS', to_date('30/10/25','DD/MM/YY'), null, 'GRAVE', '12345678000190', 'N', 'S' );
insert into caso (idcaso, paciente, doenca, datainicio, datafim, gravidade, rede_de_saude, obito, reincidente) values (14, 3, 'MYCOBACTERIUM TUBERCULOSIS', to_date('30/10/25','DD/MM/YY'), null, 'GRAVE', '12345678000190', 'N', 'S' );
insert into caso (idcaso, paciente, doenca, datainicio, datafim, gravidade, rede_de_saude, obito, reincidente) values (15, 3, 'MYCOBACTERIUM TUBERCULOSIS', to_date('15/05/24','DD/MM/YY'), to_date('13/06/24','DD/MM/YY'), 'GRAVE', '12345678000190', 'N', 'N' );
insert into caso (idcaso, paciente, doenca, datainicio, datafim, gravidade, rede_de_saude, obito, reincidente) values (16, 7, 'SARS-COV-2', to_date('10/02/25','DD/MM/YY'), to_date('25/02/25','DD/MM/YY'), 'MODERADO', '12345678000190', 'N', 'S' );
insert into caso (idcaso, paciente, doenca, datainicio, datafim, gravidade, rede_de_saude, obito, reincidente) values (17, 7, 'SARS-COV-2', to_date('30/06/25','DD/MM/YY'), null, 'LEVE', '12345678000190', 'N', 'S' );
insert into caso (idcaso, paciente, doenca, datainicio, datafim, gravidade, rede_de_saude, obito, reincidente) values (18, 21, 'SARS-COV-2', to_date('03/04/23','DD/MM/YY'), null, 'GRAVE', '67967967967967', 'S', 'N' );
insert into caso (idcaso, paciente, doenca, datainicio, datafim, gravidade, rede_de_saude, obito, reincidente) values (19, 22, 'SARS-COV-2', to_date('03/04/24','DD/MM/YY'), null, 'GRAVE', '67967967967967', 'S', 'N' );
insert into caso (idcaso, paciente, doenca, datainicio, datafim, gravidade, rede_de_saude, obito, reincidente) values (20, 23, 'SARS-COV-2', to_date('03/04/25','DD/MM/YY'), null, 'GRAVE', '67967967967967', 'S', 'N' );
insert into caso (idcaso, paciente, doenca, datainicio, datafim, gravidade, rede_de_saude, obito, reincidente) values (21, 24, 'SARS-COV-2', to_date('03/04/23','DD/MM/YY'), null, 'GRAVE', '67967967967967', 'S', 'N' );
insert into caso (idcaso, paciente, doenca, datainicio, datafim, gravidade, rede_de_saude, obito, reincidente) values (22, 25, 'SARS-COV-2', to_date('03/04/23','DD/MM/YY'), null, 'GRAVE', '67967967967967', 'S', 'N' );
insert into caso (idcaso, paciente, doenca, datainicio, datafim, gravidade, rede_de_saude, obito, reincidente) values (23, 26, 'SARS-COV-2', to_date('03/04/24','DD/MM/YY'), null, 'GRAVE', '67967967967967', 'S', 'N' );
insert into caso (idcaso, paciente, doenca, datainicio, datafim, gravidade, rede_de_saude, obito, reincidente) values (24, 27, 'SARS-COV-2', to_date('03/04/25','DD/MM/YY'), null, 'GRAVE', '67967967967967', 'S', 'N' );
insert into caso (idcaso, paciente, doenca, datainicio, datafim, gravidade, rede_de_saude, obito, reincidente) values (25, 28, 'SARS-COV-2', to_date('03/04/23','DD/MM/YY'), null, 'GRAVE', '67967967967967', 'S', 'N' );
insert into caso (idcaso, paciente, doenca, datainicio, datafim, gravidade, rede_de_saude, obito, reincidente) values (26, 26, 'INFLUENZA VIRUS A', to_date('03/04/24','DD/MM/YY'), null, 'GRAVE', '67967967967967', 'N', 'N' );
insert into caso (idcaso, paciente, doenca, datainicio, datafim, gravidade, rede_de_saude, obito, reincidente) values (27, 27, 'INFLUENZA VIRUS A', to_date('03/04/24','DD/MM/YY'), null, 'GRAVE', '67967967967967', 'N', 'N' );
insert into caso (idcaso, paciente, doenca, datainicio, datafim, gravidade, rede_de_saude, obito, reincidente) values (28, 28, 'INFLUENZA VIRUS A', to_date('03/04/22','DD/MM/YY'), null, 'GRAVE', '67967967967967', 'N', 'N' );
insert into caso (idcaso, paciente, doenca, datainicio, datafim, gravidade, rede_de_saude, obito, reincidente) values (29, 29, 'SARS-COV-2', to_date('03/04/10','DD/MM/YY'), null, 'GRAVE', '67967967967967', 'S', 'N' );

insert into sessao (idsessao, idcaso, tratamento, datahora, rede_de_saude, obsmedicas, resultadoesperado) values ( 1, 1, 'TRATAMENTO DA GRIPE', TO_DATE('12/03/24 09:30', 'DD/MM/YY HH24:MI'), '12345678000190', 'PACIENTE APRESENTOU FEBRE LEVE, RECEITADO OSELTAMIVIR.', 'RECUPERACAO TOTAL' );
insert into sessao (idsessao, idcaso, tratamento, datahora, rede_de_saude, obsmedicas, resultadoesperado) values ( 2, 2, 'TRATAMENTO DA DENGUE', to_date('07/01/25 10:00','DD/MM/YY HH24:MI'), '12345678000190', 'HIDRATACAO VENOSA E CONTROLE DE PLAQUETAS.', 'ESTABILIZACAO DO QUADRO' );
insert into sessao (idsessao, idcaso, tratamento, datahora, rede_de_saude, obsmedicas, resultadoesperado) values ( 3, 3, 'TRATAMENTO DA COVID-19',  to_date('15/02/23 14:15','DD/MM/YY HH24:MI'), '23456789000180', 'MONITORAMENTO RESPIRATORIO E USO DE ANTIVIRAIS.', 'ALTA MEDICA APOS 10 DIAS' );
insert into sessao (idsessao, idcaso, tratamento, datahora, rede_de_saude, obsmedicas, resultadoesperado) values ( 4, 4, 'TRATAMENTO DA COVID-19', to_date('20/06/24 09:45','DD/MM/YY HH24:MI' ), '23456789000180', 'INTERNACAO EM UTI LEVE, SEM NECESSIDADE DE VENTILACAO MECANICA.' , 'MELHORA PROGRESSIVA' );
insert into sessao (idsessao, idcaso, tratamento, datahora, rede_de_saude, obsmedicas, resultadoesperado) values ( 5, 5, 'TRATAMENTO DA TUBERCULOSE' , to_date ('15/10/23 15:30' ,'DD/MM/YY HH24:MI' ), '12345678000190' , 'INICIO DO USO DE RIFAMPICINA, ACOMPANHAMENTO MENSAL.' , 'REDUCAO GRADUAL DOS SINTOMAS' );
insert into sessao (idsessao, idcaso, tratamento, datahora, rede_de_saude, obsmedicas, resultadoesperado) values ( 6 , 6 , 'TRATAMENTO DA GRIPE' , to_date ( '03/08/24 11:20' , 'DD/MM/YY HH24:MI'), '23456789000180' , 'SINTOMAS LEVES, TRATADO EM AMBULATORIO.' , 'RECUPERACAO SEM COMPLICACOES' );
insert into sessao (idsessao, idcaso, tratamento, datahora, rede_de_saude, obsmedicas, resultadoesperado) values ( 7 , 7 , 'TRATAMENTO DA COVID-19' , to_date ( '05/04/25 16:00' , 'DD/MM/YY HH24:MI' ), '12345678000190' , 'PACIENTE COM INSUFICIENCIA RESPIRATORIA GRAVE, ENTUBADO.' , 'OBITO PROVAVEL' );
insert into sessao (idsessao, idcaso, tratamento, datahora, rede_de_saude, obsmedicas, resultadoesperado) values ( 8 , 8 , 'TRATAMENTO DA DENGUE' , to_date ( '15/02/25 13:00' , 'DD/MM/YY HH24:MI' ) ,'12345678000190' , 'HIDRATACAO VENOSA E REPOUSO DOMICILIAR.' , 'MELHORA CLINICA' ); 
insert into sessao (idsessao, idcaso, tratamento, datahora, rede_de_saude, obsmedicas, resultadoesperado) values ( 9 , 9 , 'TRATAMENTO DA DENGUE' , to_date ( '02/07/25 09:10' , 'DD/MM/YY HH24:MI' ) , '12345678000190' , 'RECORRENCIA LEVE, PACIENTE ORIENTADO A REPOUSO E HIDRATACAO.' , 'RECUPERACAO RAPIDA' );
insert into sessao (idsessao, idcaso, tratamento, datahora, rede_de_saude, obsmedicas, resultadoesperado) values (10 , 10 , 'TRATAMENTO DA TUBERCULOSE' , to_date ( '20/05/24 10:00' , 'DD/MM/YY HH24:MI' ), '12345678000190' , 'CONTINUACAO DO USO DE RIFAMPICINA E EXAMES DE CONTROLE.' , 'REMISSAO DA INFECCAO');

INSERT INTO metricas_sessoes (sessao, metrica, valor) VALUES (1, 'TEMPERATURA CORPORAL', '38.1 °C');
INSERT INTO metricas_sessoes (sessao, metrica, valor) VALUES (1, 'PRESSAO ARTERIAL', '120/80 MMHG');
INSERT INTO metricas_sessoes (sessao, metrica, valor) VALUES (1, 'FREQUENCIA CARDIACA', '82 BPM');
INSERT INTO metricas_sessoes (sessao, metrica, valor) VALUES (2, 'TEMPERATURA CORPORAL', '39.0 °C');
INSERT INTO metricas_sessoes (sessao, metrica, valor) VALUES (2, 'PLAQUETAS', '95.000 /mL');
INSERT INTO metricas_sessoes (sessao, metrica, valor) VALUES (2, 'PRESSAO ARTERIAL', '110/70 MMHG');
INSERT INTO metricas_sessoes (sessao, metrica, valor) VALUES (3, 'SATURACAO DE O2', '96 %');
INSERT INTO metricas_sessoes (sessao, metrica, valor) VALUES (3, 'FREQUENCIA RESPIRATORIA', '18 IRPM');
INSERT INTO metricas_sessoes (sessao, metrica, valor) VALUES (3, 'TEMPERATURA CORPORAL', '37.4 °C');
INSERT INTO metricas_sessoes (sessao, metrica, valor) VALUES (4, 'SATURACAO DE O2', '93 %');
INSERT INTO metricas_sessoes (sessao, metrica, valor) VALUES (4, 'FREQUENCIA RESPIRATORIA', '22 IRPM');
INSERT INTO metricas_sessoes (sessao, metrica, valor) VALUES (4, 'PRESSAO ARTERIAL', '118/76 MMHG');
INSERT INTO metricas_sessoes (sessao, metrica, valor) VALUES (5, 'PESO CORPORAL', '72 KG');
INSERT INTO metricas_sessoes (sessao, metrica, valor) VALUES (5, 'TOSSE PRODUTIVA', 'S');
INSERT INTO metricas_sessoes (sessao, metrica, valor) VALUES (5, 'TEMPERATURA CORPORAL', '37.8 °C');
INSERT INTO metricas_sessoes (sessao, metrica, valor) VALUES (6, 'TEMPERATURA CORPORAL', '36.9 °C');
INSERT INTO metricas_sessoes (sessao, metrica, valor) VALUES (6, 'PRESSAO ARTERIAL', '115/75 MMHG');
INSERT INTO metricas_sessoes (sessao, metrica, valor) VALUES (7, 'SATURACAO DE O2', '82 %');
INSERT INTO metricas_sessoes (sessao, metrica, valor) VALUES (7, 'FREQUENCIA RESPIRATORIA', '28 IRPM');
INSERT INTO metricas_sessoes (sessao, metrica, valor) VALUES (7, 'PRESSAO ARTERIAL', '95/60 MMHG');
INSERT INTO metricas_sessoes (sessao, metrica, valor) VALUES (8, 'TEMPERATURA CORPORAL', '38.2 °C');
INSERT INTO metricas_sessoes (sessao, metrica, valor) VALUES (8, 'PLAQUETAS', '120.000 /mL');
INSERT INTO metricas_sessoes (sessao, metrica, valor) VALUES (8, 'PRESSAO ARTERIAL', '110/70 MMHG');
INSERT INTO metricas_sessoes (sessao, metrica, valor) VALUES (9, 'TEMPERATURA CORPORAL', '37.2 °C');
INSERT INTO metricas_sessoes (sessao, metrica, valor) VALUES (9, 'PLAQUETAS', '145.000 /mL');
INSERT INTO metricas_sessoes (sessao, metrica, valor) VALUES (9, 'PRESSAO ARTERIAL', '115/72 MMHG');
INSERT INTO metricas_sessoes (sessao, metrica, valor) VALUES (10, 'TEMPERATURA CORPORAL', '37.5 °C');
INSERT INTO metricas_sessoes (sessao, metrica, valor) VALUES (10, 'PESO CORPORAL', '70 KG');
INSERT INTO metricas_sessoes (sessao, metrica, valor) VALUES (10, 'TOSSE PRODUTIVA', 'N');

insert into alerta (idalerta, beneficente, doenca, datainicio, datafim, tipo, mensagem, canalprincipal, prioridade) values ( 1, '12345678000190', 'SARS-COV-2', to_date('05/02/25','DD/MM/YY'), to_date('20/02/25','DD/MM/YY'), 'PREVENCAO', 'CAMPANHA DE CONSCIENTIZACAO SOBRE A IMPORTANCIA DO USO DE MASCARAS E VACINACAO CONTRA A COVID-19.', 'REDES SOCIAIS', 'ALTA' );
insert into alerta (idalerta, beneficente, doenca, datainicio, datafim, tipo, mensagem, canalprincipal, prioridade) values ( 2, '34567890000170', 'DENV', to_date('10/01/25','DD/MM/YY'), to_date('31/03/25','DD/MM/YY'), 'CONTROLE VETORIAL', 'MUTIRAO DE COMBATE AO MOSQUITO AEDES AEGYPTI EM BAIRROS DE MAIOR INCIDENCIA DE DENGUE.', 'RADIO COMUNITARIA', 'ALTA' );
insert into alerta (idalerta, beneficente, doenca, datainicio, datafim, tipo, mensagem, canalprincipal, prioridade) values ( 3, '45678901000160', 'MYCOBACTERIUM TUBERCULOSIS', to_date('15/03/25','DD/MM/YY'), to_date('30/04/25','DD/MM/YY'), 'CONSCIENTIZACAO', 'CAMPANHA INFORMATIVA SOBRE SINTOMAS E TRATAMENTO DA TUBERCULOSE, COM FOCO EM DIAGNOSTICO PRECOCE.' , 'TELEVISAO LOCAL', 'MEDIA' );
insert into alerta (idalerta, beneficente, doenca, datainicio, datafim, tipo, mensagem, canalprincipal, prioridade) values ( 4, '34567890000170', 'INFLUENZA VIRUS A', to_date('01/05/25','DD/MM/YY'), to_date('30/06/25','DD/MM/YY'), 'VACINACAO', 'CAMPANHA DE VACINACAO CONTRA A GRIPE PARA GRUPOS DE RISCO.', 'POSTOS DE SAUDE', 'ALTA' );
insert into alerta (idalerta, beneficente, doenca, datainicio, datafim, tipo, mensagem, canalprincipal, prioridade) values ( 5, '45678901000160', 'SARS-COV-2', to_date('10/07/25','DD/MM/YY'), null, 'ACOMPANHAMENTO', 'MONITORAMENTO DE NOVOS CASOS DE COVID-19 E REFORCO DA VACINACAO DE REFORCO.', 'APLICATIVO DE SAUDE', 'MEDIA' );
INSERT INTO alerta (idalerta, beneficente, doenca, datainicio, datafim, tipo, mensagem, canalprincipal, prioridade) VALUES (6, '34567890000170', 'RUBELLA VIRUS', DATE '2025-08-01', DATE '2025-08-30','VACINACAO', 'REFORCO DA CAMPANHA DE VACINACAO CONTRA RUBEOLA.', 'POSTOS DE SAUDE', 'MEDIA');
INSERT INTO alerta (idalerta, beneficente, doenca, datainicio, datafim, tipo, mensagem, canalprincipal, prioridade) VALUES (7, '45678901000160', 'MEASLES VIRUS', DATE '2025-09-10', NULL,'CONSCIENTIZACAO', 'AUMENTO DE CASOS DE SARAMPO – ORIENTACOES SOBRE SINTOMAS.', 'REDES SOCIAIS', 'ALTA');

insert into abrange (idalerta, regiao_rede_de_saude) values (1, '12345678000190');
insert into abrange (idalerta, regiao_rede_de_saude) values (1, '23456789000180');
insert into abrange (idalerta, regiao_rede_de_saude) values (2, '12345678000190');
insert into abrange (idalerta, regiao_rede_de_saude) values (3, '23456789000180');
insert into abrange (idalerta, regiao_rede_de_saude) values (4, '12345678000190');
insert into abrange (idalerta, regiao_rede_de_saude) values (5, '12345678000190');
insert into abrange (idalerta, regiao_rede_de_saude) values (5, '23456789000180');
INSERT INTO abrange (idalerta, regiao_rede_de_saude) VALUES (6, '12345678000190');
INSERT INTO abrange (idalerta, regiao_rede_de_saude) VALUES (6, '23423789120180');
INSERT INTO abrange (idalerta, regiao_rede_de_saude) VALUES (7, '23456789000180');
INSERT INTO abrange (idalerta, regiao_rede_de_saude) VALUES (7, '67967967967967');

insert into transmite (doenca, transmissor) values ('PLASMODIUM FALCIPARUM','MOSQUITO ANOPHELES');
insert into transmite (doenca, transmissor) values ('MYCOBACTERIUM TUBERCULOSIS','PESSOA INFECTADA');
insert into transmite (doenca, transmissor) values ('INFLUENZA VIRUS A','AR');
insert into transmite (doenca, transmissor) values ('SARS-COV-2','AR');
INSERT INTO transmite (doenca, transmissor) VALUES ('MUMPS VIRUS', 'AR');
INSERT INTO transmite (doenca, transmissor) VALUES ('RUBELLA VIRUS', 'AR');
INSERT INTO transmite (doenca, transmissor) VALUES ('HEPATITIS A VIRUS', 'CONTATO DIRETO');
INSERT INTO transmite (doenca, transmissor) VALUES ('YELLOW FEVER VIRUS', 'MOSQUITO ANOPHELES');

