INSERT INTO TRANSMISSOR (NOME, VETOR, TIPO, ESTACAOANOPREDOM, NOMECIENTIF, TEMPOVIDA, REGIAOVIVENCIA) VALUES ( 'MOSQUITO ANOPHELES','MOSQUITO','BIOTICO',NULL,'ANOPHELES DARLINGI','1 DIA','REGIOES TROPICAIS E UMIDAS' );
INSERT INTO TRANSMISSOR (NOME, VETOR, TIPO, ESTACAOANOPREDOM, NOMECIENTIF, TEMPOVIDA, REGIAOVIVENCIA) VALUES ( 'AR','GOTICULAS DE AR','ABIOTICO', NULL, NULL, NULL, NULL);
INSERT INTO TRANSMISSOR (NOME, VETOR, TIPO, ESTACAOANOPREDOM, NOMECIENTIF, TEMPOVIDA, REGIAOVIVENCIA) VALUES ( 'CONTATO DIRETO','CONTATO FISICO','ABIOTICO', 'TODAS',NULL,NULL,NULL);
INSERT INTO TRANSMISSOR (NOME, VETOR, TIPO, ESTACAOANOPREDOM, NOMECIENTIF, TEMPOVIDA, REGIAOVIVENCIA) VALUES ( 'PESSOA INFECTADA', 'HUMANO', 'BIOTICO', NULL, 'HOMO SAPIENS', '70 DIAS', 'MUNDO TODO' );

INSERT INTO DOENCA (NOMECIENTIF, NOMEPOPULAR, LETALIDADE, SAZONALIDADE, CID10, TEMPOMEDIO) VALUES( 'PLASMODIUM FALCIPARUM','MALARIA',0.2,'VERAO','B50', 10);
INSERT INTO DOENCA (NOMECIENTIF, NOMEPOPULAR, LETALIDADE, SAZONALIDADE, CID10, TEMPOMEDIO) VALUES ( 'MYCOBACTERIUM TUBERCULOSIS','TUBERCULOSE', 0.15,'INVERNO','A15', 90);
INSERT INTO DOENCA (NOMECIENTIF, NOMEPOPULAR, LETALIDADE, SAZONALIDADE, CID10, TEMPOMEDIO) VALUES ( 'INFLUENZA VIRUS A','GRIPE', 0.01,'OUTONO','J10', 5 );
INSERT INTO DOENCA (NOMECIENTIF, NOMEPOPULAR, LETALIDADE, SAZONALIDADE, CID10, TEMPOMEDIO) VALUES ( 'SARS-COV-2','COVID-19', 0.03, 'INVERNO', 'U07.1' , 14);
INSERT INTO DOENCA (NOMECIENTIF, NOMEPOPULAR, LETALIDADE, SAZONALIDADE, CID10, TEMPOMEDIO) VALUES ( 'DENV','DENGUE', 0.01, 'VERAO', 'A90', 14);
INSERT INTO DOENCA (NOMECIENTIF, NOMEPOPULAR, LETALIDADE, SAZONALIDADE, CID10, TEMPOMEDIO) VALUES ('CHIKUNGUNYA VIRUS','CHIKUNGUNYA',0.005,'VERAO','A92.0', 14);
INSERT INTO DOENCA (NOMECIENTIF, NOMEPOPULAR, LETALIDADE, SAZONALIDADE, CID10, TEMPOMEDIO) VALUES ('ZIKA VIRUS','ZIKA',0.001,'VERAO','A92.5', 10);
INSERT INTO DOENCA (NOMECIENTIF, NOMEPOPULAR, LETALIDADE, SAZONALIDADE, CID10, TEMPOMEDIO) VALUES ('NEISSERIA MENINGITIDIS','MENINGITE',0.10,'INVERNO','A39.0', 14);
INSERT INTO DOENCA (NOMECIENTIF, NOMEPOPULAR, LETALIDADE, SAZONALIDADE, CID10, TEMPOMEDIO) VALUES ('MUMPS VIRUS','CAXUMBA',0.0001,'OUTONO','B26', 12);
INSERT INTO DOENCA (NOMECIENTIF, NOMEPOPULAR, LETALIDADE, SAZONALIDADE, CID10, TEMPOMEDIO) VALUES ('VARICELLA ZOSTER VIRUS','CATAPORA',0.0005,'PRIMAVERA','B01', 7);
INSERT INTO DOENCA (NOMECIENTIF, NOMEPOPULAR, LETALIDADE, SAZONALIDADE, CID10, TEMPOMEDIO) VALUES ('MEASLES VIRUS','SARAMPO',0.02,'OUTONO','B05', 10);
INSERT INTO DOENCA (NOMECIENTIF, NOMEPOPULAR, LETALIDADE, SAZONALIDADE, CID10, TEMPOMEDIO) VALUES ('YELLOW FEVER VIRUS','FEBRE AMARELA',0.20,'VERAO','A95', 12);
INSERT INTO DOENCA (NOMECIENTIF, NOMEPOPULAR, LETALIDADE, SAZONALIDADE, CID10, TEMPOMEDIO) VALUES ('LEPTOSPIRA INTERROGANS','LEPTOSPIROSE',0.05,'VERAO','A27', 14);
INSERT INTO DOENCA (NOMECIENTIF, NOMEPOPULAR, LETALIDADE, SAZONALIDADE, CID10, TEMPOMEDIO) VALUES ('RUBELLA VIRUS','RUBEOLA',0.0002,'PRIMAVERA','B06', 14);
INSERT INTO DOENCA (NOMECIENTIF, NOMEPOPULAR, LETALIDADE, SAZONALIDADE, CID10, TEMPOMEDIO) VALUES ('HEPATITIS A VIRUS','HEPATITE A',0.002,'VERAO','B15', 30);

INSERT INTO SINTOMAS (NOMECIENTIF, SINTOMA) VALUES ( 'PLASMODIUM FALCIPARUM', 'FEBRE ALTA' );
INSERT INTO SINTOMAS (NOMECIENTIF, SINTOMA) VALUES ( 'PLASMODIUM FALCIPARUM', 'CALAFRIOS E SUOR EXCESSIVO' );
INSERT INTO SINTOMAS (NOMECIENTIF, SINTOMA) VALUES ( 'MYCOBACTERIUM TUBERCULOSIS', 'TOSSE PERSISTENTE COM CATARRO' );
INSERT INTO SINTOMAS (NOMECIENTIF, SINTOMA) VALUES ( 'MYCOBACTERIUM TUBERCULOSIS','PERDA DE PESO E FADIGA' );
INSERT INTO SINTOMAS (NOMECIENTIF, SINTOMA) VALUES ('INFLUENZA VIRUS A','FEBRE E DOR DE CABECA' );
INSERT INTO SINTOMAS (NOMECIENTIF, SINTOMA) VALUES ( 'INFLUENZA VIRUS A' , 'CONGESTAO NASAL E DOR MUSCULAR' );
INSERT INTO SINTOMAS (NOMECIENTIF, SINTOMA) VALUES ('SARS-COV-2','FEBRE E PERDA DE OLFATO' );
INSERT INTO SINTOMAS (NOMECIENTIF, SINTOMA) VALUES ('SARS-COV-2', 'TOSSE SECA E DIFICULDADE PARA RESPIRAR');
INSERT INTO SINTOMAS (NOMECIENTIF, SINTOMA) VALUES ('DENV', 'DOR NOS OLHOS E DORES MUSCULARES INTENSAS');
INSERT INTO SINTOMAS (NOMECIENTIF, SINTOMA) VALUES ('DENV', 'MANCHAS VERMELHAS NA PELE (EXANTEMA)');
INSERT INTO SINTOMAS (NOMECIENTIF, SINTOMA) VALUES ('ZIKA VIRUS', 'ERUPCOES CUTANEAS E COCEIRA');
INSERT INTO SINTOMAS (NOMECIENTIF, SINTOMA) VALUES ('ZIKA VIRUS', 'CONJUNTIVITE E LEVE MAL-ESTAR');
INSERT INTO SINTOMAS (NOMECIENTIF, SINTOMA) VALUES ('CHIKUNGUNYA VIRUS', 'DORES ARTICULARES SEVERAS');
INSERT INTO SINTOMAS (NOMECIENTIF, SINTOMA) VALUES ('CHIKUNGUNYA VIRUS', 'FEBRE ALTA E INCHACO NAS ARTICULACOES');
INSERT INTO SINTOMAS (NOMECIENTIF, SINTOMA) VALUES ('NEISSERIA MENINGITIDIS', 'RIGIDEZ NA NUCA');
INSERT INTO SINTOMAS (NOMECIENTIF, SINTOMA) VALUES ('NEISSERIA MENINGITIDIS', 'FOTOFOBIA E CONFUSAO MENTAL');
INSERT INTO SINTOMAS (NOMECIENTIF, SINTOMA) VALUES ('LEPTOSPIRA INTERROGANS', 'DORES FORTES NAS PERNAS');
INSERT INTO SINTOMAS (NOMECIENTIF, SINTOMA) VALUES ('LEPTOSPIRA INTERROGANS', 'OLHOS AMARELADOS E NAUSEAS');

INSERT INTO AGENTE (NOMECIENTIF,AGENTE) VALUES ( 'PLASMODIUM FALCIPARUM', 'PROTOZOARIO' );
INSERT INTO AGENTE (NOMECIENTIF,AGENTE) VALUES ( 'MYCOBACTERIUM TUBERCULOSIS', 'BACTERIA' );
INSERT INTO AGENTE (NOMECIENTIF,AGENTE) VALUES ( 'INFLUENZA VIRUS A', 'VIRUS' );
INSERT INTO AGENTE (NOMECIENTIF,AGENTE) VALUES ( 'SARS-COV-2', 'VIRUS' );
INSERT INTO AGENTE (NOMECIENTIF, AGENTE) VALUES ('DENV', 'VIRUS');
INSERT INTO AGENTE (NOMECIENTIF, AGENTE) VALUES ('CHIKUNGUNYA VIRUS', 'VIRUS');
INSERT INTO AGENTE (NOMECIENTIF, AGENTE) VALUES ('ZIKA VIRUS', 'VIRUS');
INSERT INTO AGENTE (NOMECIENTIF, AGENTE) VALUES ('NEISSERIA MENINGITIDIS', 'BACTERIA');
INSERT INTO AGENTE (NOMECIENTIF, AGENTE) VALUES ('MUMPS VIRUS', 'VIRUS');
INSERT INTO AGENTE (NOMECIENTIF, AGENTE) VALUES ('VARICELLA ZOSTER VIRUS', 'VIRUS');
INSERT INTO AGENTE (NOMECIENTIF, AGENTE) VALUES ('MEASLES VIRUS', 'VIRUS');
INSERT INTO AGENTE (NOMECIENTIF, AGENTE) VALUES ('YELLOW FEVER VIRUS', 'VIRUS');
INSERT INTO AGENTE (NOMECIENTIF, AGENTE) VALUES ('LEPTOSPIRA INTERROGANS', 'BACTERIA');
INSERT INTO AGENTE (NOMECIENTIF, AGENTE) VALUES ('RUBELLA VIRUS', 'VIRUS');
INSERT INTO AGENTE (NOMECIENTIF, AGENTE) VALUES ('HEPATITIS A VIRUS', 'VIRUS');

INSERT INTO METODOPREVENCAO (NOMECIENTIF, METODOPREVENCAO) VALUES ( 'PLASMODIUM FALCIPARUM', 'USO DE MOSQUITEIROS' );
INSERT INTO METODOPREVENCAO (NOMECIENTIF, METODOPREVENCAO) VALUES ( 'PLASMODIUM FALCIPARUM', 'REPELENTES' );
INSERT INTO METODOPREVENCAO (NOMECIENTIF, METODOPREVENCAO) VALUES ( 'MYCOBACTERIUM TUBERCULOSIS','VACINACAO BCG' );
INSERT INTO METODOPREVENCAO (NOMECIENTIF, METODOPREVENCAO) VALUES ( 'INFLUENZA VIRUS A','VACINACAO ANUAL' );
INSERT INTO METODOPREVENCAO (NOMECIENTIF, METODOPREVENCAO) VALUES ( 'INFLUENZA VIRUS A','HIGIENE DAS MAOS' );
INSERT INTO METODOPREVENCAO (NOMECIENTIF, METODOPREVENCAO) VALUES ( 'SARS-COV-2','USO DE MASCARAS');
INSERT INTO METODOPREVENCAO (NOMECIENTIF, METODOPREVENCAO) VALUES ( 'SARS-COV-2','ISOLAMENTO EM CASOS SUSPEITOS') ;
INSERT INTO METODOPREVENCAO (NOMECIENTIF, METODOPREVENCAO) VALUES ('DENV', 'COMBATE AO MOSQUITO AEDES AEGYPTI');
INSERT INTO METODOPREVENCAO (NOMECIENTIF, METODOPREVENCAO) VALUES ('DENV', 'ELIMINACAO DE AGUA PARADA');
INSERT INTO METODOPREVENCAO (NOMECIENTIF, METODOPREVENCAO) VALUES ('ZIKA VIRUS', 'USO DE REPELENTE');
INSERT INTO METODOPREVENCAO (NOMECIENTIF, METODOPREVENCAO) VALUES ('ZIKA VIRUS', 'REDUCAO DA EXPOSICAO A MOSQUITOS');
INSERT INTO METODOPREVENCAO (NOMECIENTIF, METODOPREVENCAO) VALUES ('CHIKUNGUNYA VIRUS', 'TELAS EM JANELAS E PORTAS');
INSERT INTO METODOPREVENCAO (NOMECIENTIF, METODOPREVENCAO) VALUES ('CHIKUNGUNYA VIRUS', 'INSPECAO E LIMPEZA DE CALHAS E RECIPIENTES');
INSERT INTO METODOPREVENCAO (NOMECIENTIF, METODOPREVENCAO) VALUES ('NEISSERIA MENINGITIDIS', 'VACINA MENINGOCOCICA');
INSERT INTO METODOPREVENCAO (NOMECIENTIF, METODOPREVENCAO) VALUES ('NEISSERIA MENINGITIDIS', 'EVITAR CONTATO COM SECRECOES RESPIRATORIAS');
INSERT INTO METODOPREVENCAO (NOMECIENTIF, METODOPREVENCAO) VALUES ('MUMPS VIRUS', 'VACINA TRIPICE VIRAL (MMR)');
INSERT INTO METODOPREVENCAO (NOMECIENTIF, METODOPREVENCAO) VALUES ('VARICELLA ZOSTER VIRUS', 'VACINA CONTRA CATAPORA');
INSERT INTO METODOPREVENCAO (NOMECIENTIF, METODOPREVENCAO) VALUES ('MEASLES VIRUS', 'VACINA TRIPICE VIRAL (MMR)');
INSERT INTO METODOPREVENCAO (NOMECIENTIF, METODOPREVENCAO) VALUES ('YELLOW FEVER VIRUS', 'VACINA CONTRA FEBRE AMARELA');
INSERT INTO METODOPREVENCAO (NOMECIENTIF, METODOPREVENCAO) VALUES ('LEPTOSPIRA INTERROGANS', 'EVITAR AGUAS CONTAMINADAS');
INSERT INTO METODOPREVENCAO (NOMECIENTIF, METODOPREVENCAO) VALUES ('LEPTOSPIRA INTERROGANS', 'CONTROLE DE ROEDORES');
INSERT INTO METODOPREVENCAO (NOMECIENTIF, METODOPREVENCAO) VALUES ('RUBELLA VIRUS', 'VACINA TRIPICE VIRAL (MMR)');
INSERT INTO METODOPREVENCAO (NOMECIENTIF, METODOPREVENCAO) VALUES ('HEPATITIS A VIRUS', 'HIGIENIZACAO ADEQUADA DOS ALIMENTOS');
INSERT INTO METODOPREVENCAO (NOMECIENTIF, METODOPREVENCAO) VALUES ('HEPATITIS A VIRUS', 'SANEAMENTO BASICO');

INSERT INTO TRATAMENTO (NOME, TIPO, REMEDIO, CUSTOMEDIO, DURACAOMEDIA, ISOLAMENTO, MAQUINA) VALUES ('TRATAMENTO DA MALARIA', 'MEDICAMENTO', 'ARTEMISININA', 150.00, 14, 'N', 'NENHUMA' );
INSERT INTO TRATAMENTO (NOME, TIPO, REMEDIO, CUSTOMEDIO, DURACAOMEDIA, ISOLAMENTO, MAQUINA) VALUES ('TRATAMENTO DA TUBERCULOSE', 'MEDICAMENTO', 'RIFAMPICINA', 300.00, 180, 'N', 'NENHUMA' );
INSERT INTO TRATAMENTO (NOME, TIPO, REMEDIO, CUSTOMEDIO, DURACAOMEDIA, ISOLAMENTO, MAQUINA) VALUES ('TRATAMENTO DA GRIPE', 'MEDICAMENTO DE SUPORTE', 'OSELTAMIVIR', 80.00, 7, 'N', 'NENHUMA' );
INSERT INTO TRATAMENTO (NOME, TIPO, REMEDIO, CUSTOMEDIO, DURACAOMEDIA, ISOLAMENTO, MAQUINA) VALUES ('TRATAMENTO DA COVID-19', 'SUPORTE INTENSIVO', 'ANTIVIRAIS E CORTICOIDES', 500.00, 14, 'S', 'RESPIRADOR' );
INSERT INTO TRATAMENTO (NOME, TIPO, REMEDIO, CUSTOMEDIO, DURACAOMEDIA, ISOLAMENTO, MAQUINA) VALUES ('QUIMIOTERAPIA', 'ONCOLOGICO', 'CISPLATINA', 5000.00, 120, 'N', 'BOMBA DE INFUSAO' );
INSERT INTO TRATAMENTO (NOME, TIPO, REMEDIO, CUSTOMEDIO, DURACAOMEDIA, ISOLAMENTO, MAQUINA) VALUES ('HEMODIALISE', 'SUPORTE RENAL', 'NENHUM', 800.00, 1, 'N', 'MAQUINA DE HEMODIALISE' );
INSERT INTO TRATAMENTO (NOME, TIPO, REMEDIO, CUSTOMEDIO, DURACAOMEDIA, ISOLAMENTO, MAQUINA) VALUES ('TRATAMENTO DA MENINGITE', 'ANTIBIOTICO', 'CEFTRIAXONA', 450.00, 10, 'S', 'NENHUMA');
INSERT INTO TRATAMENTO (NOME, TIPO, REMEDIO, CUSTOMEDIO, DURACAOMEDIA, ISOLAMENTO, MAQUINA) VALUES ('TRATAMENTO DA FEBRE AMARELA', 'SUPORTE INTENSIVO', 'NENHUM', 700.00, 14, 'S', 'RESPIRADOR');
INSERT INTO TRATAMENTO (NOME, TIPO, REMEDIO, CUSTOMEDIO, DURACAOMEDIA, ISOLAMENTO, MAQUINA) VALUES ('TRATAMENTO DA CATAPORA', 'MEDICAMENTO ANTIVIRAL', 'ACICLOVIR', 120.00, 7, 'N', 'NENHUMA');
INSERT INTO TRATAMENTO (NOME, TIPO, REMEDIO, CUSTOMEDIO, DURACAOMEDIA, ISOLAMENTO, MAQUINA) VALUES ('TRATAMENTO DA RUBEOLA', 'SUPORTE CLINICO', 'ANALGESICOS', 50.00, 7, 'N', 'NENHUMA');
INSERT INTO TRATAMENTO (NOME, TIPO, REMEDIO, CUSTOMEDIO, DURACAOMEDIA, ISOLAMENTO, MAQUINA) VALUES ('TRATAMENTO DA LEPTOSPIROSE', 'ANTIBIOTICO', 'DOXICICLINA', 200.00, 10, 'N', 'NENHUMA');
INSERT INTO TRATAMENTO (NOME, TIPO, REMEDIO, CUSTOMEDIO, DURACAOMEDIA, ISOLAMENTO, MAQUINA) VALUES ('TRATAMENTO DA ZIKA', 'SUPORTE CLINICO', 'ANALGESICOS', 40.00, 10, 'N', 'NENHUMA');
INSERT INTO TRATAMENTO (NOME, TIPO, REMEDIO, CUSTOMEDIO, DURACAOMEDIA, ISOLAMENTO, MAQUINA) VALUES ('TRATAMENTO DA DENGUE', 'SUPORTE CLINICO', 'ANTI-INFLAMATORIOS', 60.00, 10, 'N', 'NENHUMA');
INSERT INTO TRATAMENTO (NOME, TIPO, REMEDIO, CUSTOMEDIO, DURACAOMEDIA, ISOLAMENTO, MAQUINA) VALUES ('TERAPIA RESPIRATÓRIA', 'FISIOTERAPIA', 'NENHUM', 200.00, 5, 'N', 'APARELHO DE PRESSAO POSITIVA');
INSERT INTO TRATAMENTO (NOME, TIPO, REMEDIO, CUSTOMEDIO, DURACAOMEDIA, ISOLAMENTO, MAQUINA) VALUES ('CUIDADOS DE UTI PARA INFECCOES GRAVES', 'SUPORTE INTENSIVO', 'CORTICOIDES E VASOATIVOS', 1500.00, 14, 'S', 'VENTILADOR MECANICO');
INSERT INTO TRATAMENTO (NOME, TIPO, REMEDIO, CUSTOMEDIO, DURACAOMEDIA, ISOLAMENTO, MAQUINA) VALUES ('ANTIVIRAL PARA SARAMPO', 'ANTIVIRAL', 'VITAMINA A', 30.00, 5, 'S', 'NENHUMA');

INSERT INTO REQUER (DOENCA, TRATAMENTO) VALUES ('PLASMODIUM FALCIPARUM','TRATAMENTO DA MALARIA' );
INSERT INTO REQUER (DOENCA, TRATAMENTO) VALUES ('MYCOBACTERIUM TUBERCULOSIS', 'TRATAMENTO DA GRIPE' );
INSERT INTO REQUER (DOENCA, TRATAMENTO) VALUES ('SARS-COV-2', 'TRATAMENTO DA COVID-19' );
INSERT INTO REQUER (DOENCA, TRATAMENTO) VALUES ('SARS-COV-2','HEMODIALISE' );
INSERT INTO REQUER (DOENCA, TRATAMENTO) VALUES ('INFLUENZA VIRUS A', 'TRATAMENTO DA GRIPE');
INSERT INTO REQUER (DOENCA, TRATAMENTO) VALUES ('DENV', 'TRATAMENTO DA DENGUE');
INSERT INTO REQUER (DOENCA, TRATAMENTO) VALUES ('ZIKA VIRUS', 'TRATAMENTO DA ZIKA');
INSERT INTO REQUER (DOENCA, TRATAMENTO) VALUES ('NEISSERIA MENINGITIDIS', 'TRATAMENTO DA MENINGITE');
INSERT INTO REQUER (DOENCA, TRATAMENTO) VALUES ('VARICELLA ZOSTER VIRUS', 'TRATAMENTO DA CATAPORA');
INSERT INTO REQUER (DOENCA, TRATAMENTO) VALUES ('RUBELLA VIRUS', 'TRATAMENTO DA RUBEOLA');
INSERT INTO REQUER (DOENCA, TRATAMENTO) VALUES ('YELLOW FEVER VIRUS', 'TRATAMENTO DA FEBRE AMARELA');
INSERT INTO REQUER (DOENCA, TRATAMENTO) VALUES ('LEPTOSPIRA INTERROGANS', 'TRATAMENTO DA LEPTOSPIROSE');
INSERT INTO REQUER (DOENCA, TRATAMENTO) VALUES ('MEASLES VIRUS', 'ANTIVIRAL PARA SARAMPO');

INSERT INTO PACIENTE (IDPACIENTE, CPF, DATANASCIM, SEXO, GRUPORISCO) VALUES (1, '12345678901', TO_DATE('12/03/1985','DD/MM/YYYY'), 'F', 'S');
INSERT INTO PACIENTE (IDPACIENTE, CPF, DATANASCIM, SEXO, GRUPORISCO) VALUES (2, '98765432100', TO_DATE('25/07/1992','DD/MM/YYYY'), 'M', 'N');
INSERT INTO PACIENTE (IDPACIENTE, CPF, DATANASCIM, SEXO, GRUPORISCO) VALUES (3, '45678912345', TO_DATE('03/11/1970','DD/MM/YYYY'), 'M', 'S');
INSERT INTO PACIENTE (IDPACIENTE, CPF, DATANASCIM, SEXO, GRUPORISCO) VALUES (4, '32165498700', TO_DATE('14/05/2001','DD/MM/YYYY'), 'F', 'N');
INSERT INTO PACIENTE (IDPACIENTE, CPF, DATANASCIM, SEXO, GRUPORISCO) VALUES (5, '74185296300', TO_DATE('09/09/1958','DD/MM/YYYY'), 'M', 'S');
INSERT INTO PACIENTE (IDPACIENTE, CPF, DATANASCIM, SEXO, GRUPORISCO) VALUES (6, '85296374100', TO_DATE('20/12/1989','DD/MM/YYYY'), 'F', 'N');
INSERT INTO PACIENTE (IDPACIENTE, CPF, DATANASCIM, SEXO, GRUPORISCO) VALUES (7, '36925814700', TO_DATE('17/02/2003','DD/MM/YYYY'), 'F', 'N');
INSERT INTO PACIENTE (IDPACIENTE, CPF, DATANASCIM, SEXO, GRUPORISCO) VALUES (8, '15975348600', TO_DATE('28/10/1976','DD/MM/YYYY'), 'M', 'S');
INSERT INTO PACIENTE (IDPACIENTE, CPF, DATANASCIM, SEXO, GRUPORISCO) VALUES (9, '25814736900', TO_DATE('05/06/1999','DD/MM/YYYY'), 'F', 'N');
INSERT INTO PACIENTE (IDPACIENTE, CPF, DATANASCIM, SEXO, GRUPORISCO) VALUES (10, '96385274100', TO_DATE('01/01/1960','DD/MM/YYYY'), 'M', 'S');
INSERT INTO PACIENTE (IDPACIENTE, CPF, DATANASCIM, SEXO, GRUPORISCO) VALUES (11, '11122233344', TO_DATE('22/04/1982','DD/MM/YYYY'), 'F', 'N');
INSERT INTO PACIENTE (IDPACIENTE, CPF, DATANASCIM, SEXO, GRUPORISCO) VALUES (12, '22233344455', TO_DATE('10/09/1975','DD/MM/YYYY'), 'M', 'S');
INSERT INTO PACIENTE (IDPACIENTE, CPF, DATANASCIM, SEXO, GRUPORISCO) VALUES (13, '33344455566', TO_DATE('30/01/1990','DD/MM/YYYY'), 'F', 'N');
INSERT INTO PACIENTE (IDPACIENTE, CPF, DATANASCIM, SEXO, GRUPORISCO) VALUES (14, '44455566677', TO_DATE('18/08/1968','DD/MM/YYYY'), 'M', 'S');
INSERT INTO PACIENTE (IDPACIENTE, CPF, DATANASCIM, SEXO, GRUPORISCO) VALUES (15, '55566677788', TO_DATE('07/03/2005','DD/MM/YYYY'), 'F', 'N');
INSERT INTO PACIENTE (IDPACIENTE, CPF, DATANASCIM, SEXO, GRUPORISCO) VALUES (16, '66677788899', TO_DATE('29/12/1983','DD/MM/YYYY'), 'M', 'N');
INSERT INTO PACIENTE (IDPACIENTE, CPF, DATANASCIM, SEXO, GRUPORISCO) VALUES (17, '77788899900', TO_DATE('11/11/1997','DD/MM/YYYY'), 'F', 'N');
INSERT INTO PACIENTE (IDPACIENTE, CPF, DATANASCIM, SEXO, GRUPORISCO) VALUES (18, '88899900011', TO_DATE('06/02/1955','DD/MM/YYYY'), 'M', 'S');
INSERT INTO PACIENTE (IDPACIENTE, CPF, DATANASCIM, SEXO, GRUPORISCO) VALUES (19, '99900011122', TO_DATE('14/07/1988','DD/MM/YYYY'), 'M', 'N');
INSERT INTO PACIENTE (IDPACIENTE, CPF, DATANASCIM, SEXO, GRUPORISCO) VALUES (20, '10111213141', TO_DATE('19/09/1972','DD/MM/YYYY'), 'F', 'S');
INSERT INTO PACIENTE (IDPACIENTE, CPF, DATANASCIM, SEXO, GRUPORISCO) VALUES (21, '10112375141', TO_DATE('23/10/1972','DD/MM/YYYY'), 'M', 'S');
INSERT INTO PACIENTE (IDPACIENTE, CPF, DATANASCIM, SEXO, GRUPORISCO) VALUES (22, '23411213141', TO_DATE('07/02/2002','DD/MM/YYYY'), 'F', 'N');
INSERT INTO PACIENTE (IDPACIENTE, CPF, DATANASCIM, SEXO, GRUPORISCO) VALUES (23, '10111259341', TO_DATE('19/11/2013','DD/MM/YYYY'), 'M', 'N');
INSERT INTO PACIENTE (IDPACIENTE, CPF, DATANASCIM, SEXO, GRUPORISCO) VALUES (24, '12582304826', TO_DATE('10/06/1960','DD/MM/YYYY'), 'F', 'S');
INSERT INTO PACIENTE (IDPACIENTE, CPF, DATANASCIM, SEXO, GRUPORISCO) VALUES (25, '10111235941', TO_DATE('19/08/2019','DD/MM/YYYY'), 'M', 'N');
INSERT INTO PACIENTE (IDPACIENTE, CPF, DATANASCIM, SEXO, GRUPORISCO) VALUES (26, '12293804826', TO_DATE('10/08/1994','DD/MM/YYYY'), 'F', 'S');
INSERT INTO PACIENTE (IDPACIENTE, CPF, DATANASCIM, SEXO, GRUPORISCO) VALUES (27, '29811235941', TO_DATE('24/03/2007','DD/MM/YYYY'), 'M', 'N');
INSERT INTO PACIENTE (IDPACIENTE, CPF, DATANASCIM, SEXO, GRUPORISCO) VALUES (28, '23493804826', TO_DATE('15/04/1999','DD/MM/YYYY'), 'F', 'S');
INSERT INTO PACIENTE (IDPACIENTE, CPF, DATANASCIM, SEXO, GRUPORISCO) VALUES (29, '23493634564', TO_DATE('15/07/2002','DD/MM/YYYY'), 'M', 'N');
INSERT INTO PACIENTE (IDPACIENTE, CPF, DATANASCIM, SEXO, GRUPORISCO) VALUES (30, '34453634564', TO_DATE('15/02/2012','DD/MM/YYYY'), 'M', 'N');
INSERT INTO PACIENTE (IDPACIENTE, CPF, DATANASCIM, SEXO, GRUPORISCO) VALUES (31, '56493634564', TO_DATE('15/07/1992','DD/MM/YYYY'), 'F', 'N');
INSERT INTO PACIENTE (IDPACIENTE, CPF, DATANASCIM, SEXO, GRUPORISCO) VALUES (32, '23587634564', TO_DATE('15/04/2007','DD/MM/YYYY'), 'F', 'N');
INSERT INTO PACIENTE (IDPACIENTE, CPF, DATANASCIM, SEXO, GRUPORISCO) VALUES (33, '23768634564', TO_DATE('15/07/2004','DD/MM/YYYY'), 'M', 'N');
INSERT INTO PACIENTE (IDPACIENTE, CPF, DATANASCIM, SEXO, GRUPORISCO) VALUES (34, '23499224564', TO_DATE('15/10/1967','DD/MM/YYYY'), 'M', 'N');
INSERT INTO PACIENTE (IDPACIENTE, CPF, DATANASCIM, SEXO, GRUPORISCO) VALUES (35, '23049284564', TO_DATE('15/05/1974','DD/MM/YYYY'), 'F', 'N');
INSERT INTO PACIENTE (IDPACIENTE, CPF, DATANASCIM, SEXO, GRUPORISCO) VALUES (36, '12493599564', TO_DATE('15/07/1977','DD/MM/YYYY'), 'F', 'N');
INSERT INTO PACIENTE (IDPACIENTE, CPF, DATANASCIM, SEXO, GRUPORISCO) VALUES (37, '23400000564', TO_DATE('15/08/1986','DD/MM/YYYY'), 'M', 'N');
INSERT INTO PACIENTE (IDPACIENTE, CPF, DATANASCIM, SEXO, GRUPORISCO) VALUES (38, '22208534564', TO_DATE('15/12/1993','DD/MM/YYYY'), 'F', 'N');
INSERT INTO PACIENTE (IDPACIENTE, CPF, DATANASCIM, SEXO, GRUPORISCO) VALUES (39, '23493634409', TO_DATE('15/07/1994','DD/MM/YYYY'), 'F', 'N');
INSERT INTO PACIENTE (IDPACIENTE, CPF, DATANASCIM, SEXO, GRUPORISCO) VALUES (40, '23236534529', TO_DATE('15/03/1983','DD/MM/YYYY'), 'M', 'N');

INSERT INTO VACINAS (IDPACIENTE, VACINA) VALUES (1, 'BCG');
INSERT INTO VACINAS (IDPACIENTE, VACINA) VALUES (2, 'INFLUENZA' );
INSERT INTO VACINAS (IDPACIENTE, VACINA) VALUES (3, 'COVID-19' );
INSERT INTO VACINAS (IDPACIENTE, VACINA) VALUES (5, 'FEBRE AMARELA' );
INSERT INTO VACINAS (IDPACIENTE, VACINA) VALUES (8, 'COVID-19' );
INSERT INTO VACINAS (IDPACIENTE, VACINA) VALUES (4, 'INFLUENZA');
INSERT INTO VACINAS (IDPACIENTE, VACINA) VALUES (6, 'HEPATITE A');
INSERT INTO VACINAS (IDPACIENTE, VACINA) VALUES (7, 'TRÍPLICE VIRAL');
INSERT INTO VACINAS (IDPACIENTE, VACINA) VALUES (9, 'HPV');
INSERT INTO VACINAS (IDPACIENTE, VACINA) VALUES (10, 'PNEUMOCOCICA');
INSERT INTO VACINAS (IDPACIENTE, VACINA) VALUES (11, 'COVID-19');
INSERT INTO VACINAS (IDPACIENTE, VACINA) VALUES (12, 'TETANO');
INSERT INTO VACINAS (IDPACIENTE, VACINA) VALUES (13, 'INFLUENZA');
INSERT INTO VACINAS (IDPACIENTE, VACINA) VALUES (14, 'MENINGITE ACWY');
INSERT INTO VACINAS (IDPACIENTE, VACINA) VALUES (15, 'VARICELA');

INSERT INTO ORGAO (CNPJ, NOME, CEP, BAIRRO, LOGRADOURO, NUMERO, TELEFONE1, TELEFONE2) VALUES ('12345678000190', 'HOSPITAL SAO LUCAS', '13560970', 'CENTRO', 'RUA MAJOR JOSE INACIO', '450', '1633621234', '1633625678');
INSERT INTO ORGAO (CNPJ, NOME, CEP, BAIRRO, LOGRADOURO, NUMERO, TELEFONE1, TELEFONE2) VALUES ('23456789000180', 'CLINICA VIDA SAUDAVEL', '30140120', 'SAVASSI', 'AV. CRISTOVAO COLOMBO', '900', '3132547788', '3132548899');
INSERT INTO ORGAO (CNPJ, NOME, CEP, BAIRRO, LOGRADOURO, NUMERO, TELEFONE1, TELEFONE2) VALUES ('34567890000170', 'INSTITUTO ESPERANCA', '20040001', 'CENTRO', 'RUA DA CARIOCA', '120', '2122234455', '21988881122');
INSERT INTO ORGAO (CNPJ, NOME, CEP, BAIRRO, LOGRADOURO, NUMERO, TELEFONE1, TELEFONE2) VALUES ('45678901000160', 'ONG SAUDE PARA TODOS', '04012090', 'PARAISO', 'RUA VERGUEIRO', '1500', '1133334444', '11999995555');
INSERT INTO ORGAO (CNPJ, NOME, CEP, BAIRRO, LOGRADOURO, NUMERO, TELEFONE1, TELEFONE2) VALUES ('23423789120180', 'HOSPITAL THAIS LAURA', '13560980', 'CENTRO', 'RUA MAJOR LEONARDO INACIO', '450', '3133621234', '3133645678');
INSERT INTO ORGAO (CNPJ, NOME, CEP, BAIRRO, LOGRADOURO, NUMERO, TELEFONE1, TELEFONE2) VALUES ('56789012000150', 'HOSPITAL SANTA CLARA', '30150012', 'CENTRO', 'AV. AMAZONAS', '1200', '3133552244', '31999887766');
INSERT INTO ORGAO (CNPJ, NOME, CEP, BAIRRO, LOGRADOURO, NUMERO, TELEFONE1, TELEFONE2) VALUES ('67890123000140', 'CLINICA VIDA PLENA', '40255080', 'BROTAS', 'RUA WALDEMAR FAGUNDES', '300', '7133445566', '71988887777');
INSERT INTO ORGAO (CNPJ, NOME, CEP, BAIRRO, LOGRADOURO, NUMERO, TELEFONE1, TELEFONE2) VALUES ('78901234000130', 'POSTO SAUDE CENTRAL', '88015200', 'CENTRO', 'RUA ALMIRANTE LAMEGO', '900', '4833332211', '48999911223');
INSERT INTO ORGAO (CNPJ, NOME, CEP, BAIRRO, LOGRADOURO, NUMERO, TELEFONE1, TELEFONE2) VALUES ('89012345000120', 'HOSPITAL REGIONAL NORTE', '60015200', 'ALDEOTA', 'AV. DOM LUIS', '1500', '8533567788', '85977776666');
INSERT INTO ORGAO (CNPJ, NOME, CEP, BAIRRO, LOGRADOURO, NUMERO, TELEFONE1, TELEFONE2) VALUES ('90123456000110', 'CLINICA SANTO ANTONIO', '69005100', 'CENTRO', 'AV. EDUARDO RIBEIRO', '700', '9232334455', '92999988877');
INSERT INTO ORGAO (CNPJ, NOME, CEP, BAIRRO, LOGRADOURO, NUMERO, TELEFONE1, TELEFONE2) VALUES ('67967967967967', 'HOSPITAL CATHERINE', '17329349', 'VARJOTA', 'RUA EPISCOPAL ', '2600', '3136721234', '3133646878');

INSERT INTO ORGAO (CNPJ, NOME, CEP, BAIRRO, LOGRADOURO, NUMERO, TELEFONE1, TELEFONE2) VALUES ('11122233000110', 'HOSPITAL MUNICIPAL CENTRAL', '01001000', 'CENTRO', 'RUA DIREITA', '100', '1133331111', '11999991111');
INSERT INTO ORGAO (CNPJ, NOME, CEP, BAIRRO, LOGRADOURO, NUMERO, TELEFONE1, TELEFONE2) VALUES ('22233344000120', 'HOSPITAL ESTADUAL DO RIO', '20040002', 'CENTRO', 'AV. PRESIDENTE VARGAS', '500', '2122223333', '21988883333');
INSERT INTO ORGAO (CNPJ, NOME, CEP, BAIRRO, LOGRADOURO, NUMERO, TELEFONE1, TELEFONE2) VALUES ('33344455000130', 'HOSPITAL REGIONAL DE FORTALEZA', '60055000', 'ALDEOTA', 'AV. SANTOS DUMONT', '1200', '8533554422', '85999985555');
INSERT INTO ORGAO (CNPJ, NOME, CEP, BAIRRO, LOGRADOURO, NUMERO, TELEFONE1, TELEFONE2) VALUES ('44455566000140', 'HOSPITAL GERAL DO RECIFE', '50030000', 'SANTO AMARO', 'AV. CRUZ CABUGA', '800', '8133345566', '81988884444');
INSERT INTO ORGAO (CNPJ, NOME, CEP, BAIRRO, LOGRADOURO, NUMERO, TELEFONE1, TELEFONE2) VALUES ('55566677000150', 'HOSPITAL METROPOLITANO DE CURITIBA', '80010000', 'CENTRO', 'RUA XV DE NOVEMBRO', '900', '4133327788', '41999997777');
INSERT INTO ORGAO (CNPJ, NOME, CEP, BAIRRO, LOGRADOURO, NUMERO, TELEFONE1, TELEFONE2) VALUES ('66677788000160', 'HOSPITAL PUBLICO DE BELO HORIZONTE', '30130000', 'SAVASSI', 'AV. CRISTOVAO COLOMBO', '150', '3133556677', '31988886666');
INSERT INTO ORGAO (CNPJ, NOME, CEP, BAIRRO, LOGRADOURO, NUMERO, TELEFONE1, TELEFONE2) VALUES ('77788899000170', 'HOSPITAL MUNICIPAL PORTO ALEGRE', '90010100', 'CENTRO', 'AV. BORGES DE MEDEIROS', '1200', '5133338899', '51999988999');
INSERT INTO ORGAO (CNPJ, NOME, CEP, BAIRRO, LOGRADOURO, NUMERO, TELEFONE1, TELEFONE2) VALUES ('88899900000180', 'HOSPITAL DE CAMPINAS', '13010000', 'CENTRO', 'AV. FRANCISCO GLICERIO', '450', '1933332244', '19999882222');
INSERT INTO ORGAO (CNPJ, NOME, CEP, BAIRRO, LOGRADOURO, NUMERO, TELEFONE1, TELEFONE2) VALUES ('99900011000190', 'HOSPITAL DE NITEROI', '24020000', 'CENTRO', 'RUA DA CONCEICAO', '700', '2122334455', '21977774444');
INSERT INTO ORGAO (CNPJ, NOME, CEP, BAIRRO, LOGRADOURO, NUMERO, TELEFONE1, TELEFONE2) VALUES ('10111213000100', 'HOSPITAL MUNICIPAL DE CUIABA', '78005100', 'CENTRO', 'AV. GETULIO VARGAS', '300', '6533325566', '65999965555');

INSERT INTO TIPO_ORGAO (ORGAO, TIPO) VALUES ( '23423789120180', 'REDE DE SAUDE' );
INSERT INTO TIPO_ORGAO (ORGAO, TIPO) VALUES ( '12345678000190', 'REDE DE SAUDE' );
INSERT INTO TIPO_ORGAO (ORGAO, TIPO) VALUES ('12345678000190', 'BENEFICENTE' );
INSERT INTO TIPO_ORGAO (ORGAO, TIPO) VALUES ('23456789000180', 'REDE DE SAUDE' );
INSERT INTO TIPO_ORGAO (ORGAO, TIPO) VALUES ('34567890000170', 'BENEFICENTE' );
INSERT INTO TIPO_ORGAO (ORGAO, TIPO) VALUES ('45678901000160', 'BENEFICENTE' );
INSERT INTO TIPO_ORGAO (ORGAO, TIPO) VALUES ('56789012000150', 'REDE DE SAUDE');
INSERT INTO TIPO_ORGAO (ORGAO, TIPO) VALUES ('56789012000150', 'BENEFICENTE');
INSERT INTO TIPO_ORGAO (ORGAO, TIPO) VALUES ('67890123000140', 'REDE DE SAUDE');
INSERT INTO TIPO_ORGAO (ORGAO, TIPO) VALUES ('78901234000130', 'BENEFICENTE');
INSERT INTO TIPO_ORGAO (ORGAO, TIPO) VALUES ('89012345000120', 'REDE DE SAUDE');
INSERT INTO TIPO_ORGAO (ORGAO, TIPO) VALUES ('90123456000110', 'BENEFICENTE');

INSERT INTO TIPO_ORGAO (ORGAO, TIPO) VALUES ('11122233000110', 'REDE DE SAUDE');
INSERT INTO TIPO_ORGAO (ORGAO, TIPO) VALUES ('22233344000120', 'REDE DE SAUDE');
INSERT INTO TIPO_ORGAO (ORGAO, TIPO) VALUES ('33344455000130', 'REDE DE SAUDE');
INSERT INTO TIPO_ORGAO (ORGAO, TIPO) VALUES ('44455566000140', 'REDE DE SAUDE');
INSERT INTO TIPO_ORGAO (ORGAO, TIPO) VALUES ('55566677000150', 'REDE DE SAUDE');
INSERT INTO TIPO_ORGAO (ORGAO, TIPO) VALUES ('66677788000160', 'REDE DE SAUDE');
INSERT INTO TIPO_ORGAO (ORGAO, TIPO) VALUES ('77788899000170', 'REDE DE SAUDE');
INSERT INTO TIPO_ORGAO (ORGAO, TIPO) VALUES ('88899900000180', 'REDE DE SAUDE');
INSERT INTO TIPO_ORGAO (ORGAO, TIPO) VALUES ('99900011000190', 'REDE DE SAUDE');
INSERT INTO TIPO_ORGAO (ORGAO, TIPO) VALUES ('10111213000100', 'REDE DE SAUDE');

INSERT INTO CIDADE (NOME, ESTADO, QTDHAB, AREATERRIT) VALUES ('SAO CARLOS', 'SP', 254000, 1137.00);
INSERT INTO CIDADE (NOME, ESTADO, QTDHAB, AREATERRIT) VALUES ('IPATINGA', 'MG', 270000, 165.00);
INSERT INTO CIDADE (NOME, ESTADO, QTDHAB, AREATERRIT) VALUES ('FORTALEZA', 'CE', 2687000, 314.93);
INSERT INTO CIDADE (NOME, ESTADO, QTDHAB, AREATERRIT) VALUES ('BRASILIA', 'DF', 3055000, 5802.00);
INSERT INTO CIDADE (NOME, ESTADO, QTDHAB, AREATERRIT) VALUES ('JACAREI', 'SP', 242000, 464.27);
INSERT INTO CIDADE (NOME, ESTADO, QTDHAB, AREATERRIT) VALUES ('SAO PAULO', 'SP', 12300000, 1521.11);
INSERT INTO CIDADE (NOME, ESTADO, QTDHAB, AREATERRIT) VALUES ('RIO DE JANEIRO', 'RJ', 6775000, 1200.27);
INSERT INTO CIDADE (NOME, ESTADO, QTDHAB, AREATERRIT) VALUES ('BELO HORIZONTE', 'MG', 2533000, 331.40);
INSERT INTO CIDADE (NOME, ESTADO, QTDHAB, AREATERRIT) VALUES ('CURITIBA', 'PR', 1964000, 434.89);
INSERT INTO CIDADE (NOME, ESTADO, QTDHAB, AREATERRIT) VALUES ('PORTO ALEGRE', 'RS', 1493000, 497.00);
INSERT INTO CIDADE (NOME, ESTADO, QTDHAB, AREATERRIT) VALUES ('RECIFE', 'PE', 1653000, 218.84);
INSERT INTO CIDADE (NOME, ESTADO, QTDHAB, AREATERRIT) VALUES ('CAMPINAS', 'SP', 1214000, 795.00);
INSERT INTO CIDADE (NOME, ESTADO, QTDHAB, AREATERRIT) VALUES ('NITERÓI', 'RJ', 516000, 133.90);
INSERT INTO CIDADE (NOME, ESTADO, QTDHAB, AREATERRIT) VALUES ('MANAUS', 'AM', 2322000, 11401.00);
INSERT INTO CIDADE (NOME, ESTADO, QTDHAB, AREATERRIT) VALUES ('GOIÂNIA', 'GO', 1556000, 739.49);
INSERT INTO CIDADE (NOME, ESTADO, QTDHAB, AREATERRIT) VALUES ('SALVADOR', 'BA', 2887000, 692.82);
INSERT INTO CIDADE (NOME, ESTADO, QTDHAB, AREATERRIT) VALUES ('FLORIANÓPOLIS', 'SC', 577000, 675.41);
INSERT INTO CIDADE (NOME, ESTADO, QTDHAB, AREATERRIT) VALUES ('JOÃO PESSOA', 'PB', 833000, 210.07);
INSERT INTO CIDADE (NOME, ESTADO, QTDHAB, AREATERRIT) VALUES ('TERESINA', 'PI', 868000, 1367.00);
INSERT INTO CIDADE (NOME, ESTADO, QTDHAB, AREATERRIT) VALUES ('ARACAJU', 'SE', 672000, 181.80);
INSERT INTO CIDADE (NOME, ESTADO, QTDHAB, AREATERRIT) VALUES ('CUIABÁ', 'MT', 630000, 3538.00);

INSERT INTO BENEFICENTE (CNPJ, QTDVOLUNT, DATAFUNDACAO, AREAATUACAO) VALUES ('12345678000190', 100, TO_DATE('07/10/2004','DD/MM/YYYY'), 'CAMPANHAS SOBRE CANCER DE MAMA' );
INSERT INTO BENEFICENTE (CNPJ, QTDVOLUNT, DATAFUNDACAO, AREAATUACAO) VALUES ('34567890000170', 45, TO_DATE('12/03/2005','DD/MM/YYYY'), 'APOIO A FAMILIAS CARENTES E CAMPANHAS DE VACINACAO' );
INSERT INTO BENEFICENTE (CNPJ, QTDVOLUNT, DATAFUNDACAO, AREAATUACAO) VALUES ('45678901000160', 80, TO_DATE('25/08/2010' ,'DD/MM/YYYY'), 'ACOES DE SAUDE COMUNITARIA E DOACAO DE SANGUE' );

INSERT INTO REDE_DE_SAUDE ( CNPJ, QTDLEITOS, QTDFUNCION) VALUES ('12345678000190', 250, 500);
INSERT INTO REDE_DE_SAUDE ( CNPJ, QTDLEITOS, QTDFUNCION) VALUES ('23456789000180', 120, 200);
INSERT INTO REDE_DE_SAUDE ( CNPJ, QTDLEITOS, QTDFUNCION) VALUES ('23423789120180', 100, 300);
INSERT INTO REDE_DE_SAUDE (CNPJ, QTDLEITOS, QTDFUNCION) VALUES ('56789012000150', 180, 400);
INSERT INTO REDE_DE_SAUDE (CNPJ, QTDLEITOS, QTDFUNCION) VALUES ('67890123000140', 90, 150);
INSERT INTO REDE_DE_SAUDE (CNPJ, QTDLEITOS, QTDFUNCION) VALUES ('89012345000120', 220, 520);
INSERT INTO REDE_DE_SAUDE ( CNPJ, QTDLEITOS, QTDFUNCION) VALUES ('67967967967967', 167, 267);
INSERT INTO REDE_DE_SAUDE (CNPJ, QTDLEITOS, QTDFUNCION) VALUES ('11122233000110', 180, 350);
INSERT INTO REDE_DE_SAUDE (CNPJ, QTDLEITOS, QTDFUNCION) VALUES ('22233344000120', 200, 420);
INSERT INTO REDE_DE_SAUDE (CNPJ, QTDLEITOS, QTDFUNCION) VALUES ('33344455000130', 150, 300);
INSERT INTO REDE_DE_SAUDE (CNPJ, QTDLEITOS, QTDFUNCION) VALUES ('44455566000140', 120, 250);
INSERT INTO REDE_DE_SAUDE (CNPJ, QTDLEITOS, QTDFUNCION) VALUES ('55566677000150', 90, 180);
INSERT INTO REDE_DE_SAUDE (CNPJ, QTDLEITOS, QTDFUNCION) VALUES ('66677788000160', 160, 310);
INSERT INTO REDE_DE_SAUDE (CNPJ, QTDLEITOS, QTDFUNCION) VALUES ('77788899000170', 130, 275);
INSERT INTO REDE_DE_SAUDE (CNPJ, QTDLEITOS, QTDFUNCION) VALUES ('88899900000180', 110, 240);
INSERT INTO REDE_DE_SAUDE (CNPJ, QTDLEITOS, QTDFUNCION) VALUES ('99900011000190', 140, 290);
INSERT INTO REDE_DE_SAUDE (CNPJ, QTDLEITOS, QTDFUNCION) VALUES ('10111213000100', 100, 200);

INSERT INTO REGIAO (REDE_DE_SAUDE, RAIO, DENSIDPOP, NOMECIDADE, ESTADOCIDADE) VALUES ('67967967967967', 20.0, 1523.0, 'SAO PAULO', 'SP');
INSERT INTO REGIAO (REDE_DE_SAUDE, RAIO, DENSIDPOP, NOMECIDADE, ESTADOCIDADE) VALUES ('23423789120180', 17.0, 223.5, 'IPATINGA', 'MG' );
INSERT INTO REGIAO (REDE_DE_SAUDE, RAIO, DENSIDPOP, NOMECIDADE, ESTADOCIDADE) VALUES ('12345678000190', 15.0, 223.5, 'SAO CARLOS', 'SP' );
INSERT INTO REGIAO (REDE_DE_SAUDE, RAIO, DENSIDPOP, NOMECIDADE, ESTADOCIDADE) VALUES ('23456789000180', 30.0, 526.7, 'BRASILIA', 'DF' );
INSERT INTO REGIAO (REDE_DE_SAUDE, RAIO, DENSIDPOP, NOMECIDADE, ESTADOCIDADE) VALUES ('11122233000110', 20.0, 1523.0, 'SAO PAULO', 'SP');
INSERT INTO REGIAO (REDE_DE_SAUDE, RAIO, DENSIDPOP, NOMECIDADE, ESTADOCIDADE) VALUES ('22233344000120', 25.0, 5620.0, 'RIO DE JANEIRO', 'RJ');
INSERT INTO REGIAO (REDE_DE_SAUDE, RAIO, DENSIDPOP, NOMECIDADE, ESTADOCIDADE) VALUES ('33344455000130', 18.0, 7630.0, 'FORTALEZA', 'CE');
INSERT INTO REGIAO (REDE_DE_SAUDE, RAIO, DENSIDPOP, NOMECIDADE, ESTADOCIDADE) VALUES ('44455566000140', 22.0, 7630.0, 'RECIFE', 'PE');
INSERT INTO REGIAO (REDE_DE_SAUDE, RAIO, DENSIDPOP, NOMECIDADE, ESTADOCIDADE) VALUES ('55566677000150', 12.0, 3240.0, 'CURITIBA', 'PR');
INSERT INTO REGIAO (REDE_DE_SAUDE, RAIO, DENSIDPOP, NOMECIDADE, ESTADOCIDADE) VALUES ('66677788000160', 28.0, 3820.0, 'BELO HORIZONTE', 'MG');
INSERT INTO REGIAO (REDE_DE_SAUDE, RAIO, DENSIDPOP, NOMECIDADE, ESTADOCIDADE) VALUES ('77788899000170', 16.0, 2980.0, 'PORTO ALEGRE', 'RS');
INSERT INTO REGIAO (REDE_DE_SAUDE, RAIO, DENSIDPOP, NOMECIDADE, ESTADOCIDADE) VALUES ('88899900000180', 19.0, 1750.0, 'CAMPINAS', 'SP');

INSERT INTO PROGRAMAS (BENEFICENTE, PROGRAMA) VALUES ('12345678000190', 'OUTUBRO ROSA – CONSCIENTIZACAO SOBRE CANCER DE MAMA' );
INSERT INTO PROGRAMAS (BENEFICENTE, PROGRAMA) VALUES ('12345678000190', 'MUTIRAO DE EXAMES PREVENTIVOS' );
INSERT INTO PROGRAMAS (BENEFICENTE, PROGRAMA) VALUES ('34567890000170', 'CAMPANHA DE VACINACAO INFANTIL' );
INSERT INTO PROGRAMAS (BENEFICENTE, PROGRAMA) VALUES ('34567890000170', 'DISTRIBUICAO DE CESTAS BASICAS');
INSERT INTO PROGRAMAS (BENEFICENTE, PROGRAMA) VALUES ('45678901000160', 'CAMPANHA DE DOACAO DE SANGUE');
INSERT INTO PROGRAMAS (BENEFICENTE, PROGRAMA) VALUES ('45678901000160', 'FEIRA DE SAUDE E PREVENCAO DE DOENCAS');
INSERT INTO PROGRAMAS (BENEFICENTE, PROGRAMA) VALUES ('45678901000160', 'ATENDIMENTO MEDICO GRATUITO EM COMUNIDADES CARENTES');

INSERT INTO ESPECIALIDADES ( REDE_DE_SAUDE, ESPECIALIDADE) VALUES ( '12345678000190', 'CLINICA GERAL' );
INSERT INTO ESPECIALIDADES ( REDE_DE_SAUDE, ESPECIALIDADE) VALUES ( '12345678000190', 'PEDIATRIA' );
INSERT INTO ESPECIALIDADES ( REDE_DE_SAUDE, ESPECIALIDADE) VALUES ( '12345678000190', 'INFECTOLOGIA' );
INSERT INTO ESPECIALIDADES ( REDE_DE_SAUDE, ESPECIALIDADE) VALUES ( '12345678000190', 'CARDIOLOGIA' );
INSERT INTO ESPECIALIDADES ( REDE_DE_SAUDE, ESPECIALIDADE) VALUES ( '23456789000180', 'ORTOPEDIA' );
INSERT INTO ESPECIALIDADES ( REDE_DE_SAUDE, ESPECIALIDADE) VALUES ( '23456789000180', 'GINECOLOGIA' );
INSERT INTO ESPECIALIDADES ( REDE_DE_SAUDE, ESPECIALIDADE) VALUES ( '23456789000180', 'DERMATOLOGIA' );

INSERT INTO CASO (IDCASO, PACIENTE, DOENCA, DATAINICIO, DATAFIM, GRAVIDADE, REDE_DE_SAUDE, OBITO, REINCIDENTE) VALUES (1, 1, 'INFLUENZA VIRUS A', TO_DATE('10/03/24','DD/MM/YY'), TO_DATE('20/03/24','DD/MM/YY'), 'MODERADO', '12345678000190', 'N', 'N' );
INSERT INTO CASO (IDCASO, PACIENTE, DOENCA, DATAINICIO, DATAFIM, GRAVIDADE, REDE_DE_SAUDE, OBITO, REINCIDENTE) VALUES (2, 2, 'DENV', TO_DATE('05/01/25','DD/MM/YY'), NULL, 'GRAVE', '12345678000190', 'N', 'N' );
INSERT INTO CASO (IDCASO, PACIENTE, DOENCA, DATAINICIO, DATAFIM, GRAVIDADE, REDE_DE_SAUDE, OBITO, REINCIDENTE) VALUES (3, 3, 'SARS-COV-2', TO_DATE('12/02/23','DD/MM/YY'), TO_DATE('26/02/23','DD/MM/YY'), 'LEVE', '23456789000180', 'N', 'N' );
INSERT INTO CASO (IDCASO, PACIENTE, DOENCA, DATAINICIO, DATAFIM, GRAVIDADE, REDE_DE_SAUDE, OBITO, REINCIDENTE) VALUES (4, 3, 'SARS-COV-2', TO_DATE('15/06/24','DD/MM/YY'), TO_DATE('28/06/24','DD/MM/YY'), 'MODERADO', '23456789000180', 'N', 'S' );
INSERT INTO CASO (IDCASO, PACIENTE, DOENCA, DATAINICIO, DATAFIM, GRAVIDADE, REDE_DE_SAUDE, OBITO, REINCIDENTE) VALUES (5, 4, 'MYCOBACTERIUM TUBERCULOSIS', TO_DATE('10/10/23','DD/MM/YY'), NULL, 'GRAVE', '12345678000190', 'N', 'N' );
INSERT INTO CASO (IDCASO, PACIENTE, DOENCA, DATAINICIO, DATAFIM, GRAVIDADE, REDE_DE_SAUDE, OBITO, REINCIDENTE) VALUES (6, 5, 'INFLUENZA VIRUS A', TO_DATE('01/08/24','DD/MM/YY'), TO_DATE('08/08/24','DD/MM/YY'), 'LEVE', '23456789000180', 'N', 'N' );
INSERT INTO CASO (IDCASO, PACIENTE, DOENCA, DATAINICIO, DATAFIM, GRAVIDADE, REDE_DE_SAUDE, OBITO, REINCIDENTE) VALUES (7, 6, 'SARS-COV-2', TO_DATE('03/04/25','DD/MM/YY'), NULL, 'GRAVE', '12345678000190', 'S', 'N' );
INSERT INTO CASO (IDCASO, PACIENTE, DOENCA, DATAINICIO, DATAFIM, GRAVIDADE, REDE_DE_SAUDE, OBITO, REINCIDENTE) VALUES (8, 7, 'DENV', TO_DATE('10/02/25','DD/MM/YY'), TO_DATE('25/02/25','DD/MM/YY'), 'MODERADO', '12345678000190', 'N', 'N' );
INSERT INTO CASO (IDCASO, PACIENTE, DOENCA, DATAINICIO, DATAFIM, GRAVIDADE, REDE_DE_SAUDE, OBITO, REINCIDENTE) VALUES (9, 7, 'DENV', TO_DATE('30/06/25','DD/MM/YY'), NULL, 'LEVE', '12345678000190', 'N', 'S' );
INSERT INTO CASO (IDCASO, PACIENTE, DOENCA, DATAINICIO, DATAFIM, GRAVIDADE, REDE_DE_SAUDE, OBITO, REINCIDENTE) VALUES (10, 8, 'MYCOBACTERIUM TUBERCULOSIS', TO_DATE('15/05/24','DD/MM/YY'), TO_DATE('15/09/24','DD/MM/YY'), 'GRAVE', '12345678000190', 'N', 'N' );
INSERT INTO CASO (IDCASO, PACIENTE, DOENCA, DATAINICIO, DATAFIM, GRAVIDADE, REDE_DE_SAUDE, OBITO, REINCIDENTE) VALUES (11, 8, 'MYCOBACTERIUM TUBERCULOSIS', TO_DATE('30/10/24','DD/MM/YY'), TO_DATE('25/12/24','DD/MM/YY'), 'GRAVE', '12345678000190', 'N', 'S' );
INSERT INTO CASO (IDCASO, PACIENTE, DOENCA, DATAINICIO, DATAFIM, GRAVIDADE, REDE_DE_SAUDE, OBITO, REINCIDENTE) VALUES (12, 8, 'MYCOBACTERIUM TUBERCULOSIS', TO_DATE('01/03/25','DD/MM/YY'), TO_DATE('15/06/25','DD/MM/YY'), 'GRAVE', '12345678000190', 'N', 'S' );
INSERT INTO CASO (IDCASO, PACIENTE, DOENCA, DATAINICIO, DATAFIM, GRAVIDADE, REDE_DE_SAUDE, OBITO, REINCIDENTE) VALUES (13, 8, 'MYCOBACTERIUM TUBERCULOSIS', TO_DATE('30/10/25','DD/MM/YY'), NULL, 'GRAVE', '12345678000190', 'N', 'S' );
INSERT INTO CASO (IDCASO, PACIENTE, DOENCA, DATAINICIO, DATAFIM, GRAVIDADE, REDE_DE_SAUDE, OBITO, REINCIDENTE) VALUES (14, 3, 'MYCOBACTERIUM TUBERCULOSIS', TO_DATE('30/10/25','DD/MM/YY'), NULL, 'GRAVE', '12345678000190', 'N', 'S' );
INSERT INTO CASO (IDCASO, PACIENTE, DOENCA, DATAINICIO, DATAFIM, GRAVIDADE, REDE_DE_SAUDE, OBITO, REINCIDENTE) VALUES (15, 3, 'MYCOBACTERIUM TUBERCULOSIS', TO_DATE('15/05/24','DD/MM/YY'), TO_DATE('13/06/24','DD/MM/YY'), 'GRAVE', '12345678000190', 'N', 'N' );
INSERT INTO CASO (IDCASO, PACIENTE, DOENCA, DATAINICIO, DATAFIM, GRAVIDADE, REDE_DE_SAUDE, OBITO, REINCIDENTE) VALUES (16, 7, 'SARS-COV-2', TO_DATE('10/02/25','DD/MM/YY'), TO_DATE('25/02/25','DD/MM/YY'), 'MODERADO', '12345678000190', 'N', 'S' );
INSERT INTO CASO (IDCASO, PACIENTE, DOENCA, DATAINICIO, DATAFIM, GRAVIDADE, REDE_DE_SAUDE, OBITO, REINCIDENTE) VALUES (17, 7, 'SARS-COV-2', TO_DATE('30/06/25','DD/MM/YY'), NULL, 'LEVE', '12345678000190', 'N', 'S' );
INSERT INTO CASO (IDCASO, PACIENTE, DOENCA, DATAINICIO, DATAFIM, GRAVIDADE, REDE_DE_SAUDE, OBITO, REINCIDENTE) VALUES (18, 21, 'SARS-COV-2', TO_DATE('03/04/23','DD/MM/YY'), NULL, 'GRAVE', '67967967967967', 'S', 'N' );
INSERT INTO CASO (IDCASO, PACIENTE, DOENCA, DATAINICIO, DATAFIM, GRAVIDADE, REDE_DE_SAUDE, OBITO, REINCIDENTE) VALUES (19, 22, 'SARS-COV-2', TO_DATE('03/04/24','DD/MM/YY'), NULL, 'GRAVE', '67967967967967', 'S', 'N' );
INSERT INTO CASO (IDCASO, PACIENTE, DOENCA, DATAINICIO, DATAFIM, GRAVIDADE, REDE_DE_SAUDE, OBITO, REINCIDENTE) VALUES (20, 23, 'SARS-COV-2', TO_DATE('03/04/25','DD/MM/YY'), NULL, 'GRAVE', '67967967967967', 'S', 'N' );
INSERT INTO CASO (IDCASO, PACIENTE, DOENCA, DATAINICIO, DATAFIM, GRAVIDADE, REDE_DE_SAUDE, OBITO, REINCIDENTE) VALUES (21, 24, 'SARS-COV-2', TO_DATE('03/04/23','DD/MM/YY'), NULL, 'GRAVE', '67967967967967', 'S', 'N' );
INSERT INTO CASO (IDCASO, PACIENTE, DOENCA, DATAINICIO, DATAFIM, GRAVIDADE, REDE_DE_SAUDE, OBITO, REINCIDENTE) VALUES (22, 25, 'SARS-COV-2', TO_DATE('03/04/23','DD/MM/YY'), NULL, 'GRAVE', '67967967967967', 'S', 'N' );
INSERT INTO CASO (IDCASO, PACIENTE, DOENCA, DATAINICIO, DATAFIM, GRAVIDADE, REDE_DE_SAUDE, OBITO, REINCIDENTE) VALUES (23, 26, 'SARS-COV-2', TO_DATE('03/04/24','DD/MM/YY'), NULL, 'GRAVE', '67967967967967', 'S', 'N' );
INSERT INTO CASO (IDCASO, PACIENTE, DOENCA, DATAINICIO, DATAFIM, GRAVIDADE, REDE_DE_SAUDE, OBITO, REINCIDENTE) VALUES (24, 27, 'SARS-COV-2', TO_DATE('03/04/25','DD/MM/YY'), NULL, 'GRAVE', '67967967967967', 'S', 'N' );
INSERT INTO CASO (IDCASO, PACIENTE, DOENCA, DATAINICIO, DATAFIM, GRAVIDADE, REDE_DE_SAUDE, OBITO, REINCIDENTE) VALUES (25, 28, 'SARS-COV-2', TO_DATE('03/04/23','DD/MM/YY'), NULL, 'GRAVE', '67967967967967', 'S', 'N' );
INSERT INTO CASO (IDCASO, PACIENTE, DOENCA, DATAINICIO, DATAFIM, GRAVIDADE, REDE_DE_SAUDE, OBITO, REINCIDENTE) VALUES (26, 26, 'INFLUENZA VIRUS A', TO_DATE('03/04/24','DD/MM/YY'), NULL, 'GRAVE', '67967967967967', 'N', 'N' );
INSERT INTO CASO (IDCASO, PACIENTE, DOENCA, DATAINICIO, DATAFIM, GRAVIDADE, REDE_DE_SAUDE, OBITO, REINCIDENTE) VALUES (27, 27, 'INFLUENZA VIRUS A', TO_DATE('03/04/24','DD/MM/YY'), NULL, 'GRAVE', '67967967967967', 'N', 'N' );
INSERT INTO CASO (IDCASO, PACIENTE, DOENCA, DATAINICIO, DATAFIM, GRAVIDADE, REDE_DE_SAUDE, OBITO, REINCIDENTE) VALUES (28, 28, 'INFLUENZA VIRUS A', TO_DATE('03/04/22','DD/MM/YY'), NULL, 'GRAVE', '67967967967967', 'N', 'N' );
INSERT INTO CASO (IDCASO, PACIENTE, DOENCA, DATAINICIO, DATAFIM, GRAVIDADE, REDE_DE_SAUDE, OBITO, REINCIDENTE) VALUES (29, 29, 'SARS-COV-2', TO_DATE('03/04/10','DD/MM/YY'), NULL, 'GRAVE', '67967967967967', 'S', 'N' );
INSERT INTO CASO (IDCASO, PACIENTE, DOENCA, DATAINICIO, DATAFIM, GRAVIDADE, REDE_DE_SAUDE, OBITO, REINCIDENTE) VALUES (30, 30, 'MYCOBACTERIUM TUBERCULOSIS', TO_DATE('03/07/24','DD/MM/YY'), NULL, 'ESTAVEL', '67967967967967', 'N', 'N' );
INSERT INTO CASO (IDCASO, PACIENTE, DOENCA, DATAINICIO, DATAFIM, GRAVIDADE, REDE_DE_SAUDE, OBITO, REINCIDENTE) VALUES (31, 31, 'YELLOW FEVER VIRUS', TO_DATE('03/04/24','DD/MM/YY'), NULL, 'ESTAVEL', '67967967967967', 'N', 'N' );
INSERT INTO CASO (IDCASO, PACIENTE, DOENCA, DATAINICIO, DATAFIM, GRAVIDADE, REDE_DE_SAUDE, OBITO, REINCIDENTE) VALUES (32, 32, 'PLASMODIUM FALCIPARUM', TO_DATE('14/04/25','DD/MM/YY'), NULL, 'ESTAVEL', '67967967967967', 'N', 'N' );
INSERT INTO CASO (IDCASO, PACIENTE, DOENCA, DATAINICIO, DATAFIM, GRAVIDADE, REDE_DE_SAUDE, OBITO, REINCIDENTE) VALUES (33, 33, 'YELLOW FEVER VIRUS', TO_DATE('03/06/24','DD/MM/YY'), NULL, 'ESTAVEL', '67967967967967', 'N', 'N' );
INSERT INTO CASO (IDCASO, PACIENTE, DOENCA, DATAINICIO, DATAFIM, GRAVIDADE, REDE_DE_SAUDE, OBITO, REINCIDENTE) VALUES (34, 34, 'PLASMODIUM FALCIPARUM', TO_DATE('23/11/24','DD/MM/YY'), NULL, 'ESTAVEL', '33344455000130', 'N', 'N' );
INSERT INTO CASO (IDCASO, PACIENTE, DOENCA, DATAINICIO, DATAFIM, GRAVIDADE, REDE_DE_SAUDE, OBITO, REINCIDENTE) VALUES (35, 34, 'YELLOW FEVER VIRUS', TO_DATE('23/12/24','DD/MM/YY'), NULL, 'ESTAVEL', '33344455000130', 'N', 'N' );
INSERT INTO CASO (IDCASO, PACIENTE, DOENCA, DATAINICIO, DATAFIM, GRAVIDADE, REDE_DE_SAUDE, OBITO, REINCIDENTE) VALUES (36, 35, 'PLASMODIUM FALCIPARUM', TO_DATE('23/11/24','DD/MM/YY'), NULL, 'ESTAVEL', '33344455000130', 'N', 'N' );
INSERT INTO CASO (IDCASO, PACIENTE, DOENCA, DATAINICIO, DATAFIM, GRAVIDADE, REDE_DE_SAUDE, OBITO, REINCIDENTE) VALUES (37, 36, 'MYCOBACTERIUM TUBERCULOSIS', TO_DATE('03/07/25','DD/MM/YY'), NULL, 'ESTAVEL', '33344455000130', 'N', 'N' );
INSERT INTO CASO (IDCASO, PACIENTE, DOENCA, DATAINICIO, DATAFIM, GRAVIDADE, REDE_DE_SAUDE, OBITO, REINCIDENTE) VALUES (38, 37, 'PLASMODIUM FALCIPARUM', TO_DATE('03/04/25','DD/MM/YY'), NULL, 'ESTAVEL', '33344455000130', 'N', 'N' );
INSERT INTO CASO (IDCASO, PACIENTE, DOENCA, DATAINICIO, DATAFIM, GRAVIDADE, REDE_DE_SAUDE, OBITO, REINCIDENTE) VALUES (39, 35, 'YELLOW FEVER VIRUS', TO_DATE('03/03/24','DD/MM/YY'), NULL, 'ESTAVEL', '33344455000130', 'N', 'N' );
INSERT INTO CASO (IDCASO, PACIENTE, DOENCA, DATAINICIO, DATAFIM, GRAVIDADE, REDE_DE_SAUDE, OBITO, REINCIDENTE) VALUES (40, 34, 'PLASMODIUM FALCIPARUM', TO_DATE('03/09/25','DD/MM/YY'), NULL, 'ESTAVEL', '33344455000130', 'N', 'N' );
INSERT INTO CASO (IDCASO, PACIENTE, DOENCA, DATAINICIO, DATAFIM, GRAVIDADE, REDE_DE_SAUDE, OBITO, REINCIDENTE) VALUES (41, 38, 'PLASMODIUM FALCIPARUM', TO_DATE('03/02/24','DD/MM/YY'), NULL, 'ESTAVEL', '55566677000150', 'N', 'N' );
INSERT INTO CASO (IDCASO, PACIENTE, DOENCA, DATAINICIO, DATAFIM, GRAVIDADE, REDE_DE_SAUDE, OBITO, REINCIDENTE) VALUES (42, 38, 'YELLOW FEVER VIRUS', TO_DATE('03/01/25','DD/MM/YY'), NULL, 'ESTAVEL', '55566677000150', 'N', 'N' );
INSERT INTO CASO (IDCASO, PACIENTE, DOENCA, DATAINICIO, DATAFIM, GRAVIDADE, REDE_DE_SAUDE, OBITO, REINCIDENTE) VALUES (43, 39, 'PLASMODIUM FALCIPARUM', TO_DATE('03/04/24','DD/MM/YY'), NULL, 'ESTAVEL', '55566677000150', 'N', 'N' );
INSERT INTO CASO (IDCASO, PACIENTE, DOENCA, DATAINICIO, DATAFIM, GRAVIDADE, REDE_DE_SAUDE, OBITO, REINCIDENTE) VALUES (44, 40, 'MYCOBACTERIUM TUBERCULOSIS', TO_DATE('03/08/24','DD/MM/YY'), NULL, 'ESTAVEL', '55566677000150', 'N', 'N' );
INSERT INTO CASO (IDCASO, PACIENTE, DOENCA, DATAINICIO, DATAFIM, GRAVIDADE, REDE_DE_SAUDE, OBITO, REINCIDENTE) VALUES (45, 40, 'YELLOW FEVER VIRUS', TO_DATE('03/05/25','DD/MM/YY'), NULL, 'ESTAVEL', '55566677000150', 'N', 'N' );

INSERT INTO SESSAO (IDSESSAO, IDCASO, TRATAMENTO, DATAHORA, REDE_DE_SAUDE, OBSMEDICAS, RESULTADOESPERADO) VALUES ( 1, 1, 'TRATAMENTO DA GRIPE', TO_DATE('12/03/24 09:30', 'DD/MM/YY HH24:MI'), '12345678000190', 'PACIENTE APRESENTOU FEBRE LEVE, RECEITADO OSELTAMIVIR.', 'RECUPERACAO TOTAL' );
INSERT INTO SESSAO (IDSESSAO, IDCASO, TRATAMENTO, DATAHORA, REDE_DE_SAUDE, OBSMEDICAS, RESULTADOESPERADO) VALUES ( 2, 2, 'TRATAMENTO DA DENGUE', TO_DATE('07/01/25 10:00','DD/MM/YY HH24:MI'), '12345678000190', 'HIDRATACAO VENOSA E CONTROLE DE PLAQUETAS.', 'ESTABILIZACAO DO QUADRO' );
INSERT INTO SESSAO (IDSESSAO, IDCASO, TRATAMENTO, DATAHORA, REDE_DE_SAUDE, OBSMEDICAS, RESULTADOESPERADO) VALUES ( 3, 3, 'TRATAMENTO DA COVID-19',  TO_DATE('15/02/23 14:15','DD/MM/YY HH24:MI'), '23456789000180', 'MONITORAMENTO RESPIRATORIO E USO DE ANTIVIRAIS.', 'ALTA MEDICA APOS 10 DIAS' );
INSERT INTO SESSAO (IDSESSAO, IDCASO, TRATAMENTO, DATAHORA, REDE_DE_SAUDE, OBSMEDICAS, RESULTADOESPERADO) VALUES ( 4, 4, 'TRATAMENTO DA COVID-19', TO_DATE('20/06/24 09:45','DD/MM/YY HH24:MI' ), '23456789000180', 'INTERNACAO EM UTI LEVE, SEM NECESSIDADE DE VENTILACAO MECANICA.' , 'MELHORA PROGRESSIVA' );
INSERT INTO SESSAO (IDSESSAO, IDCASO, TRATAMENTO, DATAHORA, REDE_DE_SAUDE, OBSMEDICAS, RESULTADOESPERADO) VALUES ( 5, 5, 'TRATAMENTO DA TUBERCULOSE' , TO_DATE ('15/10/23 15:30' ,'DD/MM/YY HH24:MI' ), '12345678000190' , 'INICIO DO USO DE RIFAMPICINA, ACOMPANHAMENTO MENSAL.' , 'REDUCAO GRADUAL DOS SINTOMAS' );
INSERT INTO SESSAO (IDSESSAO, IDCASO, TRATAMENTO, DATAHORA, REDE_DE_SAUDE, OBSMEDICAS, RESULTADOESPERADO) VALUES ( 6 , 6 , 'TRATAMENTO DA GRIPE' , TO_DATE ( '03/08/24 11:20' , 'DD/MM/YY HH24:MI'), '23456789000180' , 'SINTOMAS LEVES, TRATADO EM AMBULATORIO.' , 'RECUPERACAO SEM COMPLICACOES' );
INSERT INTO SESSAO (IDSESSAO, IDCASO, TRATAMENTO, DATAHORA, REDE_DE_SAUDE, OBSMEDICAS, RESULTADOESPERADO) VALUES ( 7 , 7 , 'TRATAMENTO DA COVID-19' , TO_DATE ( '05/04/25 16:00' , 'DD/MM/YY HH24:MI' ), '12345678000190' , 'PACIENTE COM INSUFICIENCIA RESPIRATORIA GRAVE, ENTUBADO.' , 'OBITO PROVAVEL' );
INSERT INTO SESSAO (IDSESSAO, IDCASO, TRATAMENTO, DATAHORA, REDE_DE_SAUDE, OBSMEDICAS, RESULTADOESPERADO) VALUES ( 8 , 8 , 'TRATAMENTO DA DENGUE' , TO_DATE ( '15/02/25 13:00' , 'DD/MM/YY HH24:MI' ) ,'12345678000190' , 'HIDRATACAO VENOSA E REPOUSO DOMICILIAR.' , 'MELHORA CLINICA' ); 
INSERT INTO SESSAO (IDSESSAO, IDCASO, TRATAMENTO, DATAHORA, REDE_DE_SAUDE, OBSMEDICAS, RESULTADOESPERADO) VALUES ( 9 , 9 , 'TRATAMENTO DA DENGUE' , TO_DATE ( '02/07/25 09:10' , 'DD/MM/YY HH24:MI' ) , '12345678000190' , 'RECORRENCIA LEVE, PACIENTE ORIENTADO A REPOUSO E HIDRATACAO.' , 'RECUPERACAO RAPIDA' );
INSERT INTO SESSAO (IDSESSAO, IDCASO, TRATAMENTO, DATAHORA, REDE_DE_SAUDE, OBSMEDICAS, RESULTADOESPERADO) VALUES (10 , 10 , 'TRATAMENTO DA TUBERCULOSE' , TO_DATE ( '20/05/24 10:00' , 'DD/MM/YY HH24:MI' ), '12345678000190' , 'CONTINUACAO DO USO DE RIFAMPICINA E EXAMES DE CONTROLE.' , 'REMISSAO DA INFECCAO');

INSERT INTO METRICAS_SESSOES (SESSAO, METRICA, VALOR) VALUES (1, 'TEMPERATURA CORPORAL', '38.1 °C');
INSERT INTO METRICAS_SESSOES (SESSAO, METRICA, VALOR) VALUES (1, 'PRESSAO ARTERIAL', '120/80 MMHG');
INSERT INTO METRICAS_SESSOES (SESSAO, METRICA, VALOR) VALUES (1, 'FREQUENCIA CARDIACA', '82 BPM');
INSERT INTO METRICAS_SESSOES (SESSAO, METRICA, VALOR) VALUES (2, 'TEMPERATURA CORPORAL', '39.0 °C');
INSERT INTO METRICAS_SESSOES (SESSAO, METRICA, VALOR) VALUES (2, 'PLAQUETAS', '95.000 /ML');
INSERT INTO METRICAS_SESSOES (SESSAO, METRICA, VALOR) VALUES (2, 'PRESSAO ARTERIAL', '110/70 MMHG');
INSERT INTO METRICAS_SESSOES (SESSAO, METRICA, VALOR) VALUES (3, 'SATURACAO DE O2', '96 %');
INSERT INTO METRICAS_SESSOES (SESSAO, METRICA, VALOR) VALUES (3, 'FREQUENCIA RESPIRATORIA', '18 IRPM');
INSERT INTO METRICAS_SESSOES (SESSAO, METRICA, VALOR) VALUES (3, 'TEMPERATURA CORPORAL', '37.4 °C');
INSERT INTO METRICAS_SESSOES (SESSAO, METRICA, VALOR) VALUES (4, 'SATURACAO DE O2', '93 %');
INSERT INTO METRICAS_SESSOES (SESSAO, METRICA, VALOR) VALUES (4, 'FREQUENCIA RESPIRATORIA', '22 IRPM');
INSERT INTO METRICAS_SESSOES (SESSAO, METRICA, VALOR) VALUES (4, 'PRESSAO ARTERIAL', '118/76 MMHG');
INSERT INTO METRICAS_SESSOES (SESSAO, METRICA, VALOR) VALUES (5, 'PESO CORPORAL', '72 KG');
INSERT INTO METRICAS_SESSOES (SESSAO, METRICA, VALOR) VALUES (5, 'TOSSE PRODUTIVA', 'S');
INSERT INTO METRICAS_SESSOES (SESSAO, METRICA, VALOR) VALUES (5, 'TEMPERATURA CORPORAL', '37.8 °C');
INSERT INTO METRICAS_SESSOES (SESSAO, METRICA, VALOR) VALUES (6, 'TEMPERATURA CORPORAL', '36.9 °C');
INSERT INTO METRICAS_SESSOES (SESSAO, METRICA, VALOR) VALUES (6, 'PRESSAO ARTERIAL', '115/75 MMHG');
INSERT INTO METRICAS_SESSOES (SESSAO, METRICA, VALOR) VALUES (7, 'SATURACAO DE O2', '82 %');
INSERT INTO METRICAS_SESSOES (SESSAO, METRICA, VALOR) VALUES (7, 'FREQUENCIA RESPIRATORIA', '28 IRPM');
INSERT INTO METRICAS_SESSOES (SESSAO, METRICA, VALOR) VALUES (7, 'PRESSAO ARTERIAL', '95/60 MMHG');
INSERT INTO METRICAS_SESSOES (SESSAO, METRICA, VALOR) VALUES (8, 'TEMPERATURA CORPORAL', '38.2 °C');
INSERT INTO METRICAS_SESSOES (SESSAO, METRICA, VALOR) VALUES (8, 'PLAQUETAS', '120.000 /ML');
INSERT INTO METRICAS_SESSOES (SESSAO, METRICA, VALOR) VALUES (8, 'PRESSAO ARTERIAL', '110/70 MMHG');
INSERT INTO METRICAS_SESSOES (SESSAO, METRICA, VALOR) VALUES (9, 'TEMPERATURA CORPORAL', '37.2 °C');
INSERT INTO METRICAS_SESSOES (SESSAO, METRICA, VALOR) VALUES (9, 'PLAQUETAS', '145.000 /ML');
INSERT INTO METRICAS_SESSOES (SESSAO, METRICA, VALOR) VALUES (9, 'PRESSAO ARTERIAL', '115/72 MMHG');
INSERT INTO METRICAS_SESSOES (SESSAO, METRICA, VALOR) VALUES (10, 'TEMPERATURA CORPORAL', '37.5 °C');
INSERT INTO METRICAS_SESSOES (SESSAO, METRICA, VALOR) VALUES (10, 'PESO CORPORAL', '70 KG');
INSERT INTO METRICAS_SESSOES (SESSAO, METRICA, VALOR) VALUES (10, 'TOSSE PRODUTIVA', 'N');

INSERT INTO ALERTA (IDALERTA, BENEFICENTE, DOENCA, DATAINICIO, DATAFIM, TIPO, MENSAGEM, CANALPRINCIPAL, PRIORIDADE) VALUES ( 1, '12345678000190', 'SARS-COV-2', TO_DATE('05/02/25','DD/MM/YY'), TO_DATE('20/02/25','DD/MM/YY'), 'PREVENCAO', 'CAMPANHA DE CONSCIENTIZACAO SOBRE A IMPORTANCIA DO USO DE MASCARAS E VACINACAO CONTRA A COVID-19.', 'REDES SOCIAIS', 'ALTA' );
INSERT INTO ALERTA (IDALERTA, BENEFICENTE, DOENCA, DATAINICIO, DATAFIM, TIPO, MENSAGEM, CANALPRINCIPAL, PRIORIDADE) VALUES ( 2, '34567890000170', 'DENV', TO_DATE('10/01/25','DD/MM/YY'), TO_DATE('31/03/25','DD/MM/YY'), 'CONTROLE VETORIAL', 'MUTIRAO DE COMBATE AO MOSQUITO AEDES AEGYPTI EM BAIRROS DE MAIOR INCIDENCIA DE DENGUE.', 'RADIO COMUNITARIA', 'ALTA' );
INSERT INTO ALERTA (IDALERTA, BENEFICENTE, DOENCA, DATAINICIO, DATAFIM, TIPO, MENSAGEM, CANALPRINCIPAL, PRIORIDADE) VALUES ( 3, '45678901000160', 'MYCOBACTERIUM TUBERCULOSIS', TO_DATE('15/03/25','DD/MM/YY'), TO_DATE('30/04/25','DD/MM/YY'), 'CONSCIENTIZACAO', 'CAMPANHA INFORMATIVA SOBRE SINTOMAS E TRATAMENTO DA TUBERCULOSE, COM FOCO EM DIAGNOSTICO PRECOCE.' , 'TELEVISAO LOCAL', 'MEDIA' );
INSERT INTO ALERTA (IDALERTA, BENEFICENTE, DOENCA, DATAINICIO, DATAFIM, TIPO, MENSAGEM, CANALPRINCIPAL, PRIORIDADE) VALUES ( 4, '34567890000170', 'INFLUENZA VIRUS A', TO_DATE('01/05/25','DD/MM/YY'), TO_DATE('30/06/25','DD/MM/YY'), 'VACINACAO', 'CAMPANHA DE VACINACAO CONTRA A GRIPE PARA GRUPOS DE RISCO.', 'POSTOS DE SAUDE', 'ALTA' );
INSERT INTO ALERTA (IDALERTA, BENEFICENTE, DOENCA, DATAINICIO, DATAFIM, TIPO, MENSAGEM, CANALPRINCIPAL, PRIORIDADE) VALUES ( 5, '45678901000160', 'SARS-COV-2', TO_DATE('10/07/25','DD/MM/YY'), NULL, 'ACOMPANHAMENTO', 'MONITORAMENTO DE NOVOS CASOS DE COVID-19 E REFORCO DA VACINACAO DE REFORCO.', 'APLICATIVO DE SAUDE', 'MEDIA' );
INSERT INTO ALERTA (IDALERTA, BENEFICENTE, DOENCA, DATAINICIO, DATAFIM, TIPO, MENSAGEM, CANALPRINCIPAL, PRIORIDADE) VALUES (6, '34567890000170', 'RUBELLA VIRUS', DATE '2025-08-01', DATE '2025-08-30','VACINACAO', 'REFORCO DA CAMPANHA DE VACINACAO CONTRA RUBEOLA.', 'POSTOS DE SAUDE', 'MEDIA');
INSERT INTO ALERTA (IDALERTA, BENEFICENTE, DOENCA, DATAINICIO, DATAFIM, TIPO, MENSAGEM, CANALPRINCIPAL, PRIORIDADE) VALUES (7, '45678901000160', 'MEASLES VIRUS', DATE '2025-09-10', NULL,'CONSCIENTIZACAO', 'AUMENTO DE CASOS DE SARAMPO – ORIENTACOES SOBRE SINTOMAS.', 'REDES SOCIAIS', 'ALTA');

INSERT INTO ABRANGE (IDALERTA, REGIAO_REDE_DE_SAUDE) VALUES (1, '12345678000190');
INSERT INTO ABRANGE (IDALERTA, REGIAO_REDE_DE_SAUDE) VALUES (1, '23456789000180');
INSERT INTO ABRANGE (IDALERTA, REGIAO_REDE_DE_SAUDE) VALUES (2, '12345678000190');
INSERT INTO ABRANGE (IDALERTA, REGIAO_REDE_DE_SAUDE) VALUES (3, '23456789000180');
INSERT INTO ABRANGE (IDALERTA, REGIAO_REDE_DE_SAUDE) VALUES (4, '12345678000190');
INSERT INTO ABRANGE (IDALERTA, REGIAO_REDE_DE_SAUDE) VALUES (5, '12345678000190');
INSERT INTO ABRANGE (IDALERTA, REGIAO_REDE_DE_SAUDE) VALUES (5, '23456789000180');
INSERT INTO ABRANGE (IDALERTA, REGIAO_REDE_DE_SAUDE) VALUES (6, '12345678000190');
INSERT INTO ABRANGE (IDALERTA, REGIAO_REDE_DE_SAUDE) VALUES (6, '23423789120180');
INSERT INTO ABRANGE (IDALERTA, REGIAO_REDE_DE_SAUDE) VALUES (7, '23456789000180');
INSERT INTO ABRANGE (IDALERTA, REGIAO_REDE_DE_SAUDE) VALUES (7, '67967967967967');

INSERT INTO TRANSMITE (DOENCA, TRANSMISSOR) VALUES ('PLASMODIUM FALCIPARUM','MOSQUITO ANOPHELES');
INSERT INTO TRANSMITE (DOENCA, TRANSMISSOR) VALUES ('MYCOBACTERIUM TUBERCULOSIS','PESSOA INFECTADA');
INSERT INTO TRANSMITE (DOENCA, TRANSMISSOR) VALUES ('INFLUENZA VIRUS A','AR');
INSERT INTO TRANSMITE (DOENCA, TRANSMISSOR) VALUES ('SARS-COV-2','AR');
INSERT INTO TRANSMITE (DOENCA, TRANSMISSOR) VALUES ('MUMPS VIRUS', 'AR');
INSERT INTO TRANSMITE (DOENCA, TRANSMISSOR) VALUES ('RUBELLA VIRUS', 'AR');
INSERT INTO TRANSMITE (DOENCA, TRANSMISSOR) VALUES ('HEPATITIS A VIRUS', 'CONTATO DIRETO');
INSERT INTO TRANSMITE (DOENCA, TRANSMISSOR) VALUES ('YELLOW FEVER VIRUS', 'MOSQUITO ANOPHELES');

COMMIT;
